"Pressure","Velocity:0","Velocity:1","Velocity:2","Nu_Tilde","Pressure_Coefficient","Density","Laminar_Viscosity","Skin_Friction_Coefficient:0","Skin_Friction_Coefficient:1","Skin_Friction_Coefficient:2","Heat_Flux","Y_Plus","Eddy_Viscosity","Points:0","Points:1","Points:2"
0.12216,0,0,0,0,0.24432,1,1.6667e-07,5.9577e-17,3.0153e-07,0,-0,2.361,0,1,5.3522e-08,0
0.11953,0,0,0,0,0.23906,1,1.6667e-07,0.00088859,0.00012591,0,-0,0.10515,0,0.999,-0.00014159,0
0.11577,0,0,0,0,0.23155,1,1.6667e-07,0.00086597,0.00012254,0,-0,0.10374,0,0.99797,-0.00028818,0
0.11217,0,0,0,0,0.22433,1,1.6667e-07,0.00086757,0.00012261,0,-0,0.10378,0,0.99689,-0.00043986,0
0.10901,0,0,0,0,0.21803,1,1.6667e-07,0.00088894,0.00012545,0,-0,0.105,0,0.99578,-0.00059679,0
0.10626,0,0,0,0,0.21252,1,1.6667e-07,0.00092427,0.00013025,0,-0,0.10701,0,0.99463,-0.00075913,0
0.10375,0,0,0,0,0.2075,1,1.6667e-07,0.00096669,0.00013602,0,-0,0.10938,0,0.99344,-0.00092705,0
0.10137,0,0,0,0,0.20274,1,1.6667e-07,0.00101,0.00014189,0,-0,0.11175,0,0.9922,-0.0011007,0
0.099048,0,0,0,0,0.1981,1,1.6667e-07,0.0010508,0.0001474,0,-0,0.11393,0,0.99092,-0.0012803,0
0.096765,0,0,0,0,0.19353,1,1.6667e-07,0.0010885,0.00015243,0,-0,0.11591,0,0.9896,-0.001466,0
0.094513,0,0,0,0,0.18903,1,1.6667e-07,0.0011236,0.00015708,0,-0,0.11771,0,0.98823,-0.0016579,0
0.092286,0,0,0,0,0.18457,1,1.6667e-07,0.0011569,0.00016144,0,-0,0.11939,0,0.98681,-0.0018563,0
0.090079,0,0,0,0,0.18016,1,1.6667e-07,0.0011888,0.00016559,0,-0,0.12098,0,0.98534,-0.0020613,0
0.087888,0,0,0,0,0.17578,1,1.6667e-07,0.0012198,0.00016959,0,-0,0.12249,0,0.98381,-0.0022731,0
0.085707,0,0,0,0,0.17141,1,1.6667e-07,0.00125,0.00017344,0,-0,0.12395,0,0.98224,-0.002492,0
0.083533,0,0,0,0,0.16707,1,1.6667e-07,0.0012795,0.00017718,0,-0,0.12536,0,0.98061,-0.002718,0
0.081363,0,0,0,0,0.16273,1,1.6667e-07,0.0013084,0.00018081,0,-0,0.12673,0,0.97892,-0.0029514,0
0.079195,0,0,0,0,0.15839,1,1.6667e-07,0.0013369,0.00018434,0,-0,0.12805,0,0.97718,-0.0031925,0
0.077028,0,0,0,0,0.15406,1,1.6667e-07,0.0013648,0.00018778,0,-0,0.12934,0,0.97537,-0.0034413,0
0.074859,0,0,0,0,0.14972,1,1.6667e-07,0.0013925,0.00019114,0,-0,0.1306,0,0.9735,-0.0036981,0
0.072689,0,0,0,0,0.14538,1,1.6667e-07,0.0014197,0.00019442,0,-0,0.13183,0,0.97157,-0.0039631,0
0.070516,0,0,0,0,0.14103,1,1.6667e-07,0.0014467,0.00019762,0,-0,0.13304,0,0.96957,-0.0042365,0
0.06834,0,0,0,0,0.13668,1,1.6667e-07,0.0014733,0.00020076,0,-0,0.13422,0,0.9675,-0.0045184,0
0.06616,0,0,0,0,0.13232,1,1.6667e-07,0.0014997,0.00020382,0,-0,0.13538,0,0.96537,-0.0048092,0
0.063976,0,0,0,0,0.12795,1,1.6667e-07,0.0015259,0.00020682,0,-0,0.13652,0,0.96316,-0.005109,0
0.061788,0,0,0,0,0.12358,1,1.6667e-07,0.0015518,0.00020975,0,-0,0.13764,0,0.96087,-0.005418,0
0.059596,0,0,0,0,0.11919,1,1.6667e-07,0.0015776,0.00021261,0,-0,0.13874,0,0.95852,-0.0057364,0
0.0574,0,0,0,0,0.1148,1,1.6667e-07,0.0016031,0.00021541,0,-0,0.13982,0,0.95608,-0.0060644,0
0.0552,0,0,0,0,0.1104,1,1.6667e-07,0.0016284,0.00021815,0,-0,0.14089,0,0.95356,-0.0064022,0
0.052996,0,0,0,0,0.10599,1,1.6667e-07,0.0016535,0.00022082,0,-0,0.14194,0,0.95096,-0.00675,0
0.050788,0,0,0,0,0.10158,1,1.6667e-07,0.0016785,0.00022342,0,-0,0.14297,0,0.94827,-0.007108,0
0.048577,0,0,0,0,0.097154,1,1.6667e-07,0.0017032,0.00022596,0,-0,0.14399,0,0.9455,-0.0074765,0
0.046363,0,0,0,0,0.092725,1,1.6667e-07,0.0017278,0.00022843,0,-0,0.145,0,0.94264,-0.0078555,0
0.044145,0,0,0,0,0.08829,1,1.6667e-07,0.0017522,0.00023084,0,-0,0.14599,0,0.93969,-0.0082453,0
0.041924,0,0,0,0,0.083848,1,1.6667e-07,0.0017764,0.00023318,0,-0,0.14696,0,0.93664,-0.008646,0
0.039701,0,0,0,0,0.079402,1,1.6667e-07,0.0018005,0.00023545,0,-0,0.14793,0,0.9335,-0.0090579,0
0.037475,0,0,0,0,0.07495,1,1.6667e-07,0.0018244,0.00023766,0,-0,0.14888,0,0.93025,-0.009481,0
0.035247,0,0,0,0,0.070495,1,1.6667e-07,0.0018482,0.00023979,0,-0,0.14982,0,0.92691,-0.0099156,0
0.033017,0,0,0,0,0.066035,1,1.6667e-07,0.0018717,0.00024186,0,-0,0.15074,0,0.92347,-0.010362,0
0.030786,0,0,0,0,0.061571,1,1.6667e-07,0.0018952,0.00024385,0,-0,0.15166,0,0.91991,-0.01082,0
0.028552,0,0,0,0,0.057105,1,1.6667e-07,0.0019184,0.00024578,0,-0,0.15256,0,0.91626,-0.01129,0
0.026317,0,0,0,0,0.052635,1,1.6667e-07,0.0019415,0.00024763,0,-0,0.15345,0,0.91249,-0.011771,0
0.024081,0,0,0,0,0.048162,1,1.6667e-07,0.0019645,0.00024941,0,-0,0.15433,0,0.9086,-0.012265,0
0.021844,0,0,0,0,0.043687,1,1.6667e-07,0.0019873,0.00025112,0,-0,0.1552,0,0.90461,-0.012772,0
0.019605,0,0,0,0,0.03921,1,1.6667e-07,0.00201,0.00025276,0,-0,0.15606,0,0.9005,-0.01329,0
0.017365,0,0,0,0,0.03473,1,1.6667e-07,0.0020325,0.00025433,0,-0,0.1569,0,0.89626,-0.013821,0
0.015124,0,0,0,0,0.030248,1,1.6667e-07,0.0020549,0.00025582,0,-0,0.15774,0,0.89191,-0.014364,0
0.012882,0,0,0,0,0.025764,1,1.6667e-07,0.0020772,0.00025723,0,-0,0.15857,0,0.88744,-0.01492,0
0.010639,0,0,0,0,0.021277,1,1.6667e-07,0.0020993,0.00025858,0,-0,0.15939,0,0.88284,-0.015488,0
0.0083941,0,0,0,0,0.016788,1,1.6667e-07,0.0021214,0.00025985,0,-0,0.16021,0,0.87811,-0.016069,0
0.0061481,0,0,0,0,0.012296,1,1.6667e-07,0.0021433,0.00026104,0,-0,0.16101,0,0.87325,-0.016662,0
0.0039007,0,0,0,0,0.0078014,1,1.6667e-07,0.0021651,0.00026216,0,-0,0.16181,0,0.86827,-0.017268,0
0.0016516,0,0,0,0,0.0033032,1,1.6667e-07,0.0021868,0.00026321,0,-0,0.16259,0,0.86315,-0.017886,0
-0.00059933,0,0,0,0,-0.0011987,1,1.6667e-07,0.0022084,0.00026418,0,-0,0.16337,0,0.85789,-0.018516,0
-0.0028524,0,0,0,0,-0.0057048,1,1.6667e-07,0.0022299,0.00026507,0,-0,0.16415,0,0.8525,-0.019159,0
-0.0051078,0,0,0,0,-0.010216,1,1.6667e-07,0.0022513,0.00026589,0,-0,0.16492,0,0.84698,-0.019813,0
-0.0073659,0,0,0,0,-0.014732,1,1.6667e-07,0.0022727,0.00026663,0,-0,0.16568,0,0.84132,-0.02048,0
-0.0096271,0,0,0,0,-0.019254,1,1.6667e-07,0.0022939,0.0002673,0,-0,0.16643,0,0.83551,-0.021159,0
-0.011892,0,0,0,0,-0.023783,1,1.6667e-07,0.0023152,0.00026789,0,-0,0.16718,0,0.82957,-0.021849,0
-0.01416,0,0,0,0,-0.02832,1,1.6667e-07,0.0023364,0.0002684,0,-0,0.16793,0,0.82349,-0.02255,0
-0.016433,0,0,0,0,-0.032865,1,1.6667e-07,0.0023575,0.00026884,0,-0,0.16867,0,0.81727,-0.023262,0
-0.01871,0,0,0,0,-0.03742,1,1.6667e-07,0.0023786,0.0002692,0,-0,0.1694,0,0.8109,-0.023986,0
-0.020993,0,0,0,0,-0.041985,1,1.6667e-07,0.0023997,0.00026948,0,-0,0.17013,0,0.80439,-0.024719,0
-0.023281,0,0,0,0,-0.046562,1,1.6667e-07,0.0024208,0.00026968,0,-0,0.17086,0,0.79774,-0.025463,0
-0.025576,0,0,0,0,-0.051152,1,1.6667e-07,0.0024419,0.00026981,0,-0,0.17159,0,0.79095,-0.026217,0
-0.027878,0,0,0,0,-0.055755,1,1.6667e-07,0.0024631,0.00026985,0,-0,0.17231,0,0.78402,-0.026979,0
-0.030187,0,0,0,0,-0.060374,1,1.6667e-07,0.0024842,0.00026981,0,-0,0.17303,0,0.77694,-0.027751,0
-0.032505,0,0,0,0,-0.06501,1,1.6667e-07,0.0025054,0.00026969,0,-0,0.17375,0,0.76973,-0.028531,0
-0.034832,0,0,0,0,-0.069664,1,1.6667e-07,0.0025267,0.00026949,0,-0,0.17447,0,0.76238,-0.029319,0
-0.037168,0,0,0,0,-0.074337,1,1.6667e-07,0.002548,0.0002692,0,-0,0.17519,0,0.75489,-0.030115,0
-0.039515,0,0,0,0,-0.07903,1,1.6667e-07,0.0025694,0.00026882,0,-0,0.17591,0,0.74726,-0.030916,0
-0.041873,0,0,0,0,-0.083746,1,1.6667e-07,0.002591,0.00026836,0,-0,0.17663,0,0.7395,-0.031725,0
-0.044243,0,0,0,0,-0.088486,1,1.6667e-07,0.0026126,0.0002678,0,-0,0.17735,0,0.7316,-0.032538,0
-0.046626,0,0,0,0,-0.093251,1,1.6667e-07,0.0026344,0.00026715,0,-0,0.17807,0,0.72358,-0.033356,0
-0.049021,0,0,0,0,-0.098043,1,1.6667e-07,0.0026563,0.0002664,0,-0,0.1788,0,0.71543,-0.034179,0
-0.051431,0,0,0,0,-0.10286,1,1.6667e-07,0.0026785,0.00026555,0,-0,0.17952,0,0.70715,-0.035004,0
-0.053856,0,0,0,0,-0.10771,1,1.6667e-07,0.0027008,0.0002646,0,-0,0.18025,0,0.69875,-0.035832,0
-0.056295,0,0,0,0,-0.11259,1,1.6667e-07,0.0027233,0.00026354,0,-0,0.18099,0,0.69023,-0.036661,0
-0.058751,0,0,0,0,-0.1175,1,1.6667e-07,0.002746,0.00026237,0,-0,0.18173,0,0.6816,-0.037491,0
-0.061224,0,0,0,0,-0.12245,1,1.6667e-07,0.002769,0.00026108,0,-0,0.18247,0,0.67286,-0.038321,0
-0.063713,0,0,0,0,-0.12743,1,1.6667e-07,0.0027922,0.00025966,0,-0,0.18322,0,0.66401,-0.03915,0
-0.06622,0,0,0,0,-0.13244,1,1.6667e-07,0.0028157,0.00025812,0,-0,0.18397,0,0.65505,-0.039977,0
-0.068745,0,0,0,0,-0.13749,1,1.6667e-07,0.0028395,0.00025644,0,-0,0.18473,0,0.646,-0.040801,0
-0.071289,0,0,0,0,-0.14258,1,1.6667e-07,0.0028636,0.00025463,0,-0,0.1855,0,0.63686,-0.04162,0
-0.073851,0,0,0,0,-0.1477,1,1.6667e-07,0.002888,0.00025266,0,-0,0.18627,0,0.62763,-0.042435,0
-0.076431,0,0,0,0,-0.15286,1,1.6667e-07,0.0029127,0.00025053,0,-0,0.18706,0,0.61831,-0.043243,0
-0.079031,0,0,0,0,-0.15806,1,1.6667e-07,0.0029378,0.00024824,0,-0,0.18784,0,0.60892,-0.044044,0
-0.081649,0,0,0,0,-0.1633,1,1.6667e-07,0.0029632,0.00024577,0,-0,0.18864,0,0.59946,-0.044836,0
-0.084285,0,0,0,0,-0.16857,1,1.6667e-07,0.002989,0.00024312,0,-0,0.18945,0,0.58993,-0.045619,0
-0.08694,0,0,0,0,-0.17388,1,1.6667e-07,0.0030153,0.00024028,0,-0,0.19026,0,0.58035,-0.046391,0
-0.089613,0,0,0,0,-0.17923,1,1.6667e-07,0.0030419,0.00023723,0,-0,0.19108,0,0.57071,-0.047151,0
-0.092302,0,0,0,0,-0.1846,1,1.6667e-07,0.0030689,0.00023397,0,-0,0.19192,0,0.56102,-0.047898,0
-0.095008,0,0,0,0,-0.19002,1,1.6667e-07,0.0030963,0.00023048,0,-0,0.19276,0,0.55129,-0.048631,0
-0.09773,0,0,0,0,-0.19546,1,1.6667e-07,0.0031242,0.00022675,0,-0,0.19361,0,0.54153,-0.049349,0
-0.10047,0,0,0,0,-0.20093,1,1.6667e-07,0.0031525,0.00022277,0,-0,0.19447,0,0.53174,-0.05005,0
-0.10321,0,0,0,0,-0.20643,1,1.6667e-07,0.0031812,0.00021853,0,-0,0.19534,0,0.52194,-0.050733,0
-0.10598,0,0,0,0,-0.21195,1,1.6667e-07,0.0032104,0.00021401,0,-0,0.19622,0,0.51212,-0.051398,0
-0.10875,0,0,0,0,-0.21749,1,1.6667e-07,0.00324,0.0002092,0,-0,0.19711,0,0.50229,-0.052043,0
-0.11153,0,0,0,0,-0.22305,1,1.6667e-07,0.00327,0.00020409,0,-0,0.19801,0,0.49246,-0.052667,0
-0.11431,0,0,0,0,-0.22863,1,1.6667e-07,0.0033005,0.00019865,0,-0,0.19892,0,0.48265,-0.053269,0
-0.11711,0,0,0,0,-0.23421,1,1.6667e-07,0.0033315,0.00019289,0,-0,0.19984,0,0.47284,-0.053848,0
-0.1199,0,0,0,0,-0.2398,1,1.6667e-07,0.0033629,0.00018678,0,-0,0.20076,0,0.46306,-0.054403,0
-0.1227,0,0,0,0,-0.24539,1,1.6667e-07,0.0033947,0.00018031,0,-0,0.2017,0,0.45331,-0.054933,0
-0.12549,0,0,0,0,-0.25098,1,1.6667e-07,0.0034269,0.00017346,0,-0,0.20264,0,0.44359,-0.055437,0
-0.12828,0,0,0,0,-0.25655,1,1.6667e-07,0.0034596,0.00016622,0,-0,0.20359,0,0.43391,-0.055915,0
-0.13106,0,0,0,0,-0.26212,1,1.6667e-07,0.0034927,0.00015858,0,-0,0.20455,0,0.42428,-0.056365,0
-0.13383,0,0,0,0,-0.26766,1,1.6667e-07,0.0035261,0.00015051,0,-0,0.20552,0,0.41471,-0.056786,0
-0.13659,0,0,0,0,-0.27318,1,1.6667e-07,0.00356,0.00014202,0,-0,0.2065,0,0.4052,-0.057179,0
-0.13933,0,0,0,0,-0.27866,1,1.6667e-07,0.0035942,0.00013307,0,-0,0.20748,0,0.39575,-0.057543,0
-0.14206,0,0,0,0,-0.28411,1,1.6667e-07,0.0036288,0.00012366,0,-0,0.20847,0,0.38638,-0.057876,0
-0.14476,0,0,0,0,-0.28952,1,1.6667e-07,0.0036637,0.00011377,0,-0,0.20946,0,0.37708,-0.058179,0
-0.14744,0,0,0,0,-0.29487,1,1.6667e-07,0.0036989,0.00010339,0,-0,0.21046,0,0.36787,-0.058451,0
-0.15009,0,0,0,0,-0.30017,1,1.6667e-07,0.0037345,9.251e-05,0,-0,0.21146,0,0.35875,-0.058691,0
-0.15271,0,0,0,0,-0.30541,1,1.6667e-07,0.0037703,8.1109e-05,0,-0,0.21247,0,0.34972,-0.0589,0
-0.15529,0,0,0,0,-0.31058,1,1.6667e-07,0.0038064,6.9179e-05,0,-0,0.21348,0,0.34079,-0.059078,0
-0.15784,0,0,0,0,-0.31567,1,1.6667e-07,0.0038427,5.6705e-05,0,-0,0.2145,0,0.33197,-0.059223,0
-0.16034,0,0,0,0,-0.32068,1,1.6667e-07,0.0038793,4.3678e-05,0,-0,0.21552,0,0.32325,-0.059337,0
-0.1628,0,0,0,0,-0.32561,1,1.6667e-07,0.003916,3.0084e-05,0,-0,0.21653,0,0.31465,-0.059418,0
-0.16522,0,0,0,0,-0.33044,1,1.6667e-07,0.0039529,1.5914e-05,0,-0,0.21756,0,0.30616,-0.059468,0
-0.16759,0,0,0,0,-0.33517,1,1.6667e-07,0.0039902,1.1539e-06,0,-0,0.21859,0,0.2978,-0.059486,0
-0.1699,0,0,0,0,-0.3398,1,1.6667e-07,0.0040272,-1.4204e-05,0,-0,0.2196,0,0.28955,-0.059473,0
-0.17216,0,0,0,0,-0.34431,1,1.6667e-07,0.0040647,-3.0171e-05,0,-0,0.22063,0,0.28144,-0.059428,0
-0.17435,0,0,0,0,-0.34871,1,1.6667e-07,0.004102,-4.6754e-05,0,-0,0.22166,0,0.27345,-0.059353,0
-0.17649,0,0,0,0,-0.35299,1,1.6667e-07,0.0041396,-6.3967e-05,0,-0,0.22268,0,0.26559,-0.059248,0
-0.17857,0,0,0,0,-0.35713,1,1.6667e-07,0.0041772,-8.1817e-05,0,-0,0.22371,0,0.25787,-0.059112,0
-0.18057,0,0,0,0,-0.36115,1,1.6667e-07,0.0042147,-0.00010031,0,-0,0.22473,0,0.25029,-0.058948,0
-0.18251,0,0,0,0,-0.36503,1,1.6667e-07,0.0042523,-0.00011946,0,-0,0.22575,0,0.24284,-0.058755,0
-0.18438,0,0,0,0,-0.36877,1,1.6667e-07,0.0042899,-0.00013927,0,-0,0.22677,0,0.23553,-0.058533,0
-0.18618,0,0,0,0,-0.37236,1,1.6667e-07,0.0043274,-0.00015976,0,-0,0.22779,0,0.22837,-0.058285,0
-0.1879,0,0,0,0,-0.3758,1,1.6667e-07,0.0043649,-0.00018092,0,-0,0.22881,0,0.22134,-0.058009,0
-0.18954,0,0,0,0,-0.37908,1,1.6667e-07,0.0044023,-0.00020277,0,-0,0.22982,0,0.21446,-0.057708,0
-0.19111,0,0,0,0,-0.38221,1,1.6667e-07,0.0044397,-0.00022533,0,-0,0.23083,0,0.20772,-0.057382,0
-0.19259,0,0,0,0,-0.38518,1,1.6667e-07,0.0044768,-0.00024858,0,-0,0.23184,0,0.20112,-0.057032,0
-0.19399,0,0,0,0,-0.38798,1,1.6667e-07,0.0045139,-0.00027255,0,-0,0.23284,0,0.19467,-0.056658,0
-0.19531,0,0,0,0,-0.39062,1,1.6667e-07,0.0045508,-0.00029724,0,-0,0.23384,0,0.18837,-0.056261,0
-0.19654,0,0,0,0,-0.39308,1,1.6667e-07,0.0045875,-0.00032267,0,-0,0.23484,0,0.1822,-0.055843,0
-0.19769,0,0,0,0,-0.39537,1,1.6667e-07,0.0046241,-0.00034884,0,-0,0.23583,0,0.17618,-0.055404,0
-0.19874,0,0,0,0,-0.39749,1,1.6667e-07,0.0046604,-0.00037576,0,-0,0.23682,0,0.1703,-0.054945,0
-0.19971,0,0,0,0,-0.39942,1,1.6667e-07,0.0046965,-0.00040344,0,-0,0.2378,0,0.16456,-0.054467,0
-0.20059,0,0,0,0,-0.40117,1,1.6667e-07,0.0047324,-0.0004319,0,-0,0.23878,0,0.15897,-0.053972,0
-0.20137,0,0,0,0,-0.40274,1,1.6667e-07,0.004768,-0.00046114,0,-0,0.23976,0,0.15351,-0.053459,0
-0.20206,0,0,0,0,-0.40412,1,1.6667e-07,0.0048033,-0.00049118,0,-0,0.24073,0,0.14819,-0.05293,0
-0.20265,0,0,0,0,-0.40531,1,1.6667e-07,0.0048383,-0.00052202,0,-0,0.2417,0,0.14301,-0.052385,0
-0.20315,0,0,0,0,-0.4063,1,1.6667e-07,0.004873,-0.00055369,0,-0,0.24266,0,0.13797,-0.051826,0
-0.20355,0,0,0,0,-0.4071,1,1.6667e-07,0.0049073,-0.0005862,0,-0,0.24361,0,0.13306,-0.051254,0
-0.20385,0,0,0,0,-0.4077,1,1.6667e-07,0.0049413,-0.00061955,0,-0,0.24457,0,0.12828,-0.050669,0
-0.20405,0,0,0,0,-0.4081,1,1.6667e-07,0.0049748,-0.00065376,0,-0,0.24551,0,0.12363,-0.050072,0
-0.20415,0,0,0,0,-0.4083,1,1.6667e-07,0.0050079,-0.00068887,0,-0,0.24645,0,0.11911,-0.049464,0
-0.20414,0,0,0,0,-0.40828,1,1.6667e-07,0.0050405,-0.00072485,0,-0,0.24738,0,0.11472,-0.048847,0
-0.20403,0,0,0,0,-0.40806,1,1.6667e-07,0.0050726,-0.00076175,0,-0,0.24831,0,0.11046,-0.048219,0
-0.20381,0,0,0,0,-0.40761,1,1.6667e-07,0.0051042,-0.00079958,0,-0,0.24923,0,0.10631,-0.047584,0
-0.20348,0,0,0,0,-0.40695,1,1.6667e-07,0.0051353,-0.00083835,0,-0,0.25015,0,0.10229,-0.04694,0
-0.20303,0,0,0,0,-0.40607,1,1.6667e-07,0.0051657,-0.00087807,0,-0,0.25106,0,0.098386,-0.04629,0
-0.20247,0,0,0,0,-0.40495,1,1.6667e-07,0.0051954,-0.00091877,0,-0,0.25196,0,0.094598,-0.045633,0
-0.2018,0,0,0,0,-0.4036,1,1.6667e-07,0.0052244,-0.00096046,0,-0,0.25285,0,0.090925,-0.04497,0
-0.201,0,0,0,0,-0.40201,1,1.6667e-07,0.0052527,-0.0010032,0,-0,0.25373,0,0.087364,-0.044303,0
-0.20008,0,0,0,0,-0.40017,1,1.6667e-07,0.0052802,-0.0010469,0,-0,0.2546,0,0.083912,-0.043631,0
-0.19904,0,0,0,0,-0.39807,1,1.6667e-07,0.0053067,-0.0010916,0,-0,0.25546,0,0.080568,-0.042956,0
-0.19786,0,0,0,0,-0.39572,1,1.6667e-07,0.0053324,-0.0011374,0,-0,0.25631,0,0.07733,-0.042277,0
-0.19655,0,0,0,0,-0.3931,1,1.6667e-07,0.0053569,-0.0011843,0,-0,0.25715,0,0.074194,-0.041596,0
-0.1951,0,0,0,0,-0.3902,1,1.6667e-07,0.0053804,-0.0012322,0,-0,0.25798,0,0.071158,-0.040913,0
-0.19351,0,0,0,0,-0.38702,1,1.6667e-07,0.0054027,-0.0012812,0,-0,0.25879,0,0.068221,-0.040228,0
-0.19177,0,0,0,0,-0.38354,1,1.6667e-07,0.0054237,-0.0013313,0,-0,0.25958,0,0.06538,-0.039542,0
-0.18988,0,0,0,0,-0.37976,1,1.6667e-07,0.0054434,-0.0013825,0,-0,0.26036,0,0.062633,-0.038856,0
-0.18783,0,0,0,0,-0.37566,1,1.6667e-07,0.0054613,-0.0014347,0,-0,0.26112,0,0.059977,-0.03817,0
-0.18561,0,0,0,0,-0.37123,1,1.6667e-07,0.0054781,-0.0014882,0,-0,0.26186,0,0.05741,-0.037484,0
-0.18323,0,0,0,0,-0.36646,1,1.6667e-07,0.0054927,-0.0015425,0,-0,0.26258,0,0.05493,-0.036799,0
-0.18067,0,0,0,0,-0.36133,1,1.6667e-07,0.0055057,-0.001598,0,-0,0.26327,0,0.052535,-0.036115,0
-0.17792,0,0,0,0,-0.35584,1,1.6667e-07,0.0055169,-0.0016546,0,-0,0.26394,0,0.050222,-0.035433,0
-0.17498,0,0,0,0,-0.34997,1,1.6667e-07,0.0055257,-0.0017122,0,-0,0.26458,0,0.04799,-0.034752,0
-0.17185,0,0,0,0,-0.34369,1,1.6667e-07,0.0055323,-0.0017707,0,-0,0.26519,0,0.045837,-0.034074,0
-0.1685,0,0,0,0,-0.33701,1,1.6667e-07,0.0055365,-0.0018302,0,-0,0.26577,0,0.043759,-0.033398,0
-0.16494,0,0,0,0,-0.32989,1,1.6667e-07,0.0055381,-0.0018906,0,-0,0.26631,0,0.041756,-0.032725,0
-0.16116,0,0,0,0,-0.32232,1,1.6667e-07,0.0055372,-0.001952,0,-0,0.26682,0,0.039825,-0.032055,0
-0.15714,0,0,0,0,-0.31428,1,1.6667e-07,0.0055335,-0.0020142,0,-0,0.2673,0,0.037964,-0.031388,0
-0.15288,0,0,0,0,-0.30575,1,1.6667e-07,0.0055265,-0.002077,0,-0,0.26772,0,0.036171,-0.030725,0
-0.14836,0,0,0,0,-0.29672,1,1.6667e-07,0.005515,-0.0021401,0,-0,0.26807,0,0.034445,-0.030065,0
-0.14358,0,0,0,0,-0.28715,1,1.6667e-07,0.0055038,-0.0022051,0,-0,0.26846,0,0.032783,-0.02941,0
-0.13852,0,0,0,0,-0.27703,1,1.6667e-07,0.0054844,-0.0022687,0,-0,0.26868,0,0.031184,-0.028759,0
-0.13317,0,0,0,0,-0.26634,1,1.6667e-07,0.0054658,-0.0023347,0,-0,0.26897,0,0.029646,-0.028112,0
-0.12753,0,0,0,0,-0.25505,1,1.6667e-07,0.005438,-0.0023986,0,-0,0.26906,0,0.028167,-0.02747,0
-0.12157,0,0,0,0,-0.24315,1,1.6667e-07,0.005414,-0.0024661,0,-0,0.26929,0,0.026746,-0.026833,0
-0.1153,0,0,0,0,-0.23059,1,1.6667e-07,0.0053767,-0.0025294,0,-0,0.26923,0,0.02538,-0.026201,0
-0.10869,0,0,0,0,-0.21738,1,1.6667e-07,0.0053407,-0.0025951,0,-0,0.26924,0,0.024068,-0.025574,0
-0.10174,0,0,0,0,-0.20348,1,1.6667e-07,0.0053007,-0.0026608,0,-0,0.2692,0,0.022809,-0.024952,0
-0.094433,0,0,0,0,-0.18887,1,1.6667e-07,0.0052551,-0.0027256,0,-0,0.26906,0,0.021601,-0.024335,0
-0.086757,0,0,0,0,-0.17351,1,1.6667e-07,0.0052042,-0.0027894,0,-0,0.26883,0,0.020443,-0.023724,0
-0.078702,0,0,0,0,-0.1574,1,1.6667e-07,0.0051485,-0.0028522,0,-0,0.26852,0,0.019333,-0.023119,0
-0.070263,0,0,0,0,-0.14053,1,1.6667e-07,0.0050899,-0.0029151,0,-0,0.26819,0,0.018269,-0.02252,0
-0.061429,0,0,0,0,-0.12286,1,1.6667e-07,0.0050262,-0.0029766,0,-0,0.26777,0,0.01725,-0.021927,0
-0.052196,0,0,0,0,-0.10439,1,1.6667e-07,0.0049568,-0.0030361,0,-0,0.26725,0,0.016276,-0.021339,0
-0.042561,0,0,0,0,-0.085122,1,1.6667e-07,0.0048863,-0.0030964,0,-0,0.26675,0,0.015343,-0.020759,0
-0.032512,0,0,0,0,-0.065025,1,1.6667e-07,0.0048132,-0.0031564,0,-0,0.26623,0,0.014452,-0.020184,0
-0.022039,0,0,0,0,-0.044077,1,1.6667e-07,0.0047369,-0.0032158,0,-0,0.26568,0,0.013601,-0.019616,0
-0.011125,0,0,0,0,-0.02225,1,1.6667e-07,0.0046526,-0.0032708,0,-0,0.26495,0,0.012789,-0.019055,0
0.00017919,0,0,0,0,0.00035839,1,1.6667e-07,0.0045495,-0.0033127,0,-0,0.26372,0,0.012014,-0.0185,0
0.011906,0,0,0,0,0.023813,1,1.6667e-07,0.0045086,-0.003402,0,-0,0.26437,0,0.011275,-0.017953,0
0.024045,0,0,0,0,0.048089,1,1.6667e-07,0.0043657,-0.0034147,0,-0,0.26206,0,0.010572,-0.017412,0
0.036554,0,0,0,0,0.073108,1,1.6667e-07,0.004318,-0.0035021,0,-0,0.26265,0,0.0099023,-0.016879,0
0.049469,0,0,0,0,0.098939,1,1.6667e-07,0.004214,-0.0035459,0,-0,0.2616,0,0.0092657,-0.016353,0
0.062745,0,0,0,0,0.12549,1,1.6667e-07,0.0041217,-0.0035994,0,-0,0.26095,0,0.008661,-0.015834,0
0.076366,0,0,0,0,0.15273,1,1.6667e-07,0.004034,-0.0036577,0,-0,0.26051,0,0.008087,-0.015324,0
0.090313,0,0,0,0,0.18063,1,1.6667e-07,0.0039431,-0.003714,0,-0,0.26004,0,0.0075428,-0.01482,0
0.10455,0,0,0,0,0.2091,1,1.6667e-07,0.0038484,-0.0037671,0,-0,0.25949,0,0.0070272,-0.014325,0
0.11904,0,0,0,0,0.23808,1,1.6667e-07,0.0037552,-0.003822,0,-0,0.25906,0,0.0065393,-0.013838,0
0.13375,0,0,0,0,0.26749,1,1.6667e-07,0.00366,-0.0038753,0,-0,0.25862,0,0.006078,-0.013359,0
0.14863,0,0,0,0,0.29727,1,1.6667e-07,0.0035621,-0.0039256,0,-0,0.25814,0,0.0056425,-0.012889,0
0.16365,0,0,0,0,0.32731,1,1.6667e-07,0.0034612,-0.0039723,0,-0,0.25761,0,0.0052316,-0.012426,0
0.17875,0,0,0,0,0.35751,1,1.6667e-07,0.0033576,-0.0040151,0,-0,0.25701,0,0.0048446,-0.011973,0
0.19389,0,0,0,0,0.38778,1,1.6667e-07,0.0032505,-0.0040524,0,-0,0.25632,0,0.0044803,-0.011528,0
0.209,0,0,0,0,0.41801,1,1.6667e-07,0.0031398,-0.0040834,0,-0,0.25551,0,0.004138,-0.011092,0
0.22405,0,0,0,0,0.4481,1,1.6667e-07,0.0030256,-0.0041071,0,-0,0.25455,0,0.0038166,-0.010665,0
0.23897,0,0,0,0,0.47793,1,1.6667e-07,0.0029079,-0.0041228,0,-0,0.25344,0,0.0035153,-0.010247,0
0.2537,0,0,0,0,0.50741,1,1.6667e-07,0.0027872,-0.0041298,0,-0,0.25216,0,0.0032332,-0.0098377,0
0.26821,0,0,0,0,0.53642,1,1.6667e-07,0.0026639,-0.0041278,0,-0,0.2507,0,0.0029694,-0.0094379,0
0.28244,0,0,0,0,0.56488,1,1.6667e-07,0.002538,-0.0041155,0,-0,0.24904,0,0.0027231,-0.0090473,0
0.29634,0,0,0,0,0.59268,1,1.6667e-07,0.0024104,-0.0040932,0,-0,0.24717,0,0.0024934,-0.008666,0
0.30987,0,0,0,0,0.61974,1,1.6667e-07,0.0022818,-0.0040607,0,-0,0.2451,0,0.0022795,-0.008294,0
0.32299,0,0,0,0,0.64598,1,1.6667e-07,0.0021529,-0.0040179,0,-0,0.24281,0,0.0020806,-0.0079314,0
0.33567,0,0,0,0,0.67133,1,1.6667e-07,0.0020243,-0.0039651,0,-0,0.24032,0,0.0018959,-0.0075781,0
0.34787,0,0,0,0,0.69573,1,1.6667e-07,0.0018967,-0.0039024,0,-0,0.23761,0,0.0017246,-0.0072341,0
0.35956,0,0,0,0,0.71913,1,1.6667e-07,0.0017709,-0.0038303,0,-0,0.23471,0,0.001566,-0.0068994,0
0.37074,0,0,0,0,0.74148,1,1.6667e-07,0.0016475,-0.0037493,0,-0,0.2316,0,0.0014194,-0.0065739,0
0.38138,0,0,0,0,0.76275,1,1.6667e-07,0.0015272,-0.0036601,0,-0,0.2283,0,0.001284,-0.0062575,0
0.39147,0,0,0,0,0.78293,1,1.6667e-07,0.0014105,-0.0035633,0,-0,0.22482,0,0.0011592,-0.0059503,0
0.401,0,0,0,0,0.80201,1,1.6667e-07,0.0012978,-0.0034596,0,-0,0.22117,0,0.0010443,-0.0056521,0
0.40999,0,0,0,0,0.81997,1,1.6667e-07,0.0011896,-0.0033494,0,-0,0.21734,0,0.00093876,-0.0053627,0
0.41842,0,0,0,0,0.83684,1,1.6667e-07,0.0010862,-0.0032341,0,-0,0.21335,0,0.00084191,-0.0050821,0
0.42631,0,0,0,0,0.85261,1,1.6667e-07,0.00098806,-0.0031145,0,-0,0.20922,0,0.00075319,-0.0048102,0
0.43366,0,0,0,0,0.86732,1,1.6667e-07,0.00089523,-0.0029913,0,-0,0.20496,0,0.00067206,-0.0045467,0
0.4405,0,0,0,0,0.88099,1,1.6667e-07,0.00080783,-0.0028651,0,-0,0.20057,0,0.00059799,-0.0042916,0
0.44683,0,0,0,0,0.89365,1,1.6667e-07,0.0007257,-0.002736,0,-0,0.19603,0,0.00053051,-0.0040447,0
0.45267,0,0,0,0,0.90534,1,1.6667e-07,0.00064916,-0.0026056,0,-0,0.19138,0,0.00046913,-0.0038058,0
0.45805,0,0,0,0,0.9161,1,1.6667e-07,0.00057823,-0.0024751,0,-0,0.18665,0,0.00041342,-0.0035747,0
0.46298,0,0,0,0,0.92597,1,1.6667e-07,0.00051241,-0.0023435,0,-0,0.18179,0,0.00036295,-0.0033513,0
0.46749,0,0,0,0,0.93498,1,1.6667e-07,0.00045183,-0.0022122,0,-0,0.17683,0,0.00031735,-0.0031354,0
0.4716,0,0,0,0,0.9432,1,1.6667e-07,0.00039638,-0.0020822,0,-0,0.1718,0,0.00027624,-0.0029267,0
0.47533,0,0,0,0,0.95066,1,1.6667e-07,0.00034561,-0.0019525,0,-0,0.16663,0,0.00023927,-0.0027252,0
0.4787,0,0,0,0,0.9574,1,1.6667e-07,0.00029958,-0.0018251,0,-0,0.16141,0,0.00020611,-0.0025306,0
0.48174,0,0,0,0,0.96347,1,1.6667e-07,0.00025787,-0.0016993,0,-0,0.15607,0,0.00017648,-0.0023427,0
0.48446,0,0,0,0,0.96892,1,1.6667e-07,0.00022032,-0.0015757,0,-0,0.15062,0,0.00015008,-0.0021613,0
0.48689,0,0,0,0,0.97379,1,1.6667e-07,0.00018669,-0.0014546,0,-0,0.14508,0,0.00012665,-0.0019863,0
0.48905,0,0,0,0,0.97811,1,1.6667e-07,0.00015673,-0.0013361,0,-0,0.13942,0,0.00010594,-0.0018174,0
0.49097,0,0,0,0,0.98193,1,1.6667e-07,0.00013018,-0.0012204,0,-0,0.13363,0,8.773e-05,-0.0016545,0
0.49264,0,0,0,0,0.98529,1,1.6667e-07,0.00010682,-0.0011076,0,-0,0.12769,0,7.1803e-05,-0.0014974,0
0.49411,0,0,0,0,0.98822,1,1.6667e-07,8.6405e-05,-0.00099777,0,-0,0.12159,0,5.7964e-05,-0.0013459,0
0.49538,0,0,0,0,0.99075,1,1.6667e-07,6.8724e-05,-0.00089104,0,-0,0.1153,0,4.6029e-05,-0.0011997,0
0.49646,0,0,0,0,0.99292,1,1.6667e-07,5.3548e-05,-0.00078728,0,-0,0.10878,0,3.5831e-05,-0.0010589,0
0.49738,0,0,0,0,0.99477,1,1.6667e-07,4.0681e-05,-0.00068658,0,-0,0.10197,0,2.7213e-05,-0.0009231,0
0.49815,0,0,0,0,0.9963,1,1.6667e-07,2.9927e-05,-0.00058889,0,-0,0.094819,0,2.003e-05,-0.00079222,0
0.49878,0,0,0,0,0.99756,1,1.6667e-07,2.1106e-05,-0.0004942,0,-0,0.087227,0,1.4151e-05,-0.00066607,0
0.49929,0,0,0,0,0.99857,1,1.6667e-07,1.405e-05,-0.00040254,0,-0,0.079069,0,9.4511e-06,-0.00054451,0
0.49968,0,0,0,0,0.99935,1,1.6667e-07,8.6049e-06,-0.00031408,0,-0,0.070163,0,5.8186e-06,-0.00042736,0
0.49996,0,0,0,0,0.99993,1,1.6667e-07,4.6234e-06,-0.00022915,0,-0,0.060216,0,3.1491e-06,-0.00031448,0
0.50016,0,0,0,0,1.0003,1,1.6667e-07,1.9621e-06,-0.00014832,0,-0,0.048684,0,1.3469e-06,-0.00020572,0
0.50027,0,0,0,0,1.0005,1,1.6667e-07,4.7165e-07,-7.2039e-05,0,-0,0.034105,0,3.2412e-07,-0.00010094,0
0.50032,0,0,0,0,1.0006,1,1.6667e-07,-1.1647e-21,-2.7974e-08,0,-0,0.00067474,0,0,0,0
0.50027,0,0,0,0,1.0005,1,1.6667e-07,4.7129e-07,7.1983e-05,0,-0,0.034091,0,3.2412e-07,0.00010094,0
0.50016,0,0,0,0,1.0003,1,1.6667e-07,1.9614e-06,0.00014826,0,-0,0.048675,0,1.3469e-06,0.00020572,0
0.49996,0,0,0,0,0.99993,1,1.6667e-07,4.6223e-06,0.0002291,0,-0,0.060209,0,3.1491e-06,0.00031448,0
0.49968,0,0,0,0,0.99935,1,1.6667e-07,8.6034e-06,0.00031402,0,-0,0.070157,0,5.8186e-06,0.00042736,0
0.49929,0,0,0,0,0.99857,1,1.6667e-07,1.4048e-05,0.00040248,0,-0,0.079064,0,9.4511e-06,0.00054451,0
0.49878,0,0,0,0,0.99756,1,1.6667e-07,2.1104e-05,0.00049414,0,-0,0.087222,0,1.4151e-05,0.00066607,0
0.49815,0,0,0,0,0.9963,1,1.6667e-07,2.9924e-05,0.00058883,0,-0,0.094815,0,2.003e-05,0.00079222,0
0.49738,0,0,0,0,0.99477,1,1.6667e-07,4.0678e-05,0.00068653,0,-0,0.10197,0,2.7213e-05,0.0009231,0
0.49646,0,0,0,0,0.99292,1,1.6667e-07,5.3544e-05,0.00078722,0,-0,0.10877,0,3.5831e-05,0.0010589,0
0.49538,0,0,0,0,0.99075,1,1.6667e-07,6.872e-05,0.00089099,0,-0,0.1153,0,4.6029e-05,0.0011997,0
0.49411,0,0,0,0,0.98822,1,1.6667e-07,8.64e-05,0.00099771,0,-0,0.12159,0,5.7964e-05,0.0013459,0
0.49264,0,0,0,0,0.98529,1,1.6667e-07,0.00010681,0.0011075,0,-0,0.12769,0,7.1803e-05,0.0014974,0
0.49097,0,0,0,0,0.98193,1,1.6667e-07,0.00013017,0.0012204,0,-0,0.13363,0,8.773e-05,0.0016545,0
0.48906,0,0,0,0,0.97811,1,1.6667e-07,0.00015672,0.0013361,0,-0,0.13942,0,0.00010594,0.0018174,0
0.48689,0,0,0,0,0.97379,1,1.6667e-07,0.00018669,0.0014545,0,-0,0.14508,0,0.00012665,0.0019863,0
0.48446,0,0,0,0,0.96892,1,1.6667e-07,0.00022031,0.0015756,0,-0,0.15062,0,0.00015008,0.0021613,0
0.48174,0,0,0,0,0.96347,1,1.6667e-07,0.00025786,0.0016993,0,-0,0.15606,0,0.00017648,0.0023427,0
0.4787,0,0,0,0,0.9574,1,1.6667e-07,0.00029957,0.0018251,0,-0,0.1614,0,0.00020611,0.0025306,0
0.47533,0,0,0,0,0.95066,1,1.6667e-07,0.0003456,0.0019525,0,-0,0.16663,0,0.00023927,0.0027252,0
0.4716,0,0,0,0,0.9432,1,1.6667e-07,0.00039637,0.0020821,0,-0,0.17179,0,0.00027624,0.0029267,0
0.46749,0,0,0,0,0.93499,1,1.6667e-07,0.00045182,0.0022121,0,-0,0.17683,0,0.00031735,0.0031354,0
0.46298,0,0,0,0,0.92597,1,1.6667e-07,0.0005124,0.0023434,0,-0,0.18179,0,0.00036295,0.0033513,0
0.45805,0,0,0,0,0.9161,1,1.6667e-07,0.00057822,0.0024751,0,-0,0.18665,0,0.00041342,0.0035747,0
0.45267,0,0,0,0,0.90535,1,1.6667e-07,0.00064915,0.0026056,0,-0,0.19138,0,0.00046913,0.0038058,0
0.44683,0,0,0,0,0.89366,1,1.6667e-07,0.00072569,0.002736,0,-0,0.19603,0,0.00053051,0.0040447,0
0.4405,0,0,0,0,0.881,1,1.6667e-07,0.00080781,0.0028651,0,-0,0.20057,0,0.00059799,0.0042916,0
0.43366,0,0,0,0,0.86733,1,1.6667e-07,0.00089521,0.0029912,0,-0,0.20496,0,0.00067206,0.0045467,0
0.42631,0,0,0,0,0.85262,1,1.6667e-07,0.00098805,0.0031145,0,-0,0.20922,0,0.00075319,0.0048102,0
0.41842,0,0,0,0,0.83684,1,1.6667e-07,0.0010862,0.0032341,0,-0,0.21335,0,0.00084191,0.0050821,0
0.40999,0,0,0,0,0.81998,1,1.6667e-07,0.0011895,0.0033494,0,-0,0.21733,0,0.00093876,0.0053627,0
0.40101,0,0,0,0,0.80201,1,1.6667e-07,0.0012978,0.0034596,0,-0,0.22117,0,0.0010443,0.0056521,0
0.39147,0,0,0,0,0.78294,1,1.6667e-07,0.0014105,0.0035632,0,-0,0.22482,0,0.0011592,0.0059503,0
0.38138,0,0,0,0,0.76276,1,1.6667e-07,0.0015272,0.00366,0,-0,0.2283,0,0.001284,0.0062575,0
0.37074,0,0,0,0,0.74148,1,1.6667e-07,0.0016475,0.0037493,0,-0,0.2316,0,0.0014194,0.0065739,0
0.35957,0,0,0,0,0.71913,1,1.6667e-07,0.0017709,0.0038303,0,-0,0.23471,0,0.001566,0.0068994,0
0.34787,0,0,0,0,0.69574,1,1.6667e-07,0.0018967,0.0039024,0,-0,0.23761,0,0.0017246,0.0072341,0
0.33567,0,0,0,0,0.67134,1,1.6667e-07,0.0020243,0.003965,0,-0,0.24032,0,0.0018959,0.0075781,0
0.323,0,0,0,0,0.64599,1,1.6667e-07,0.0021529,0.0040179,0,-0,0.24281,0,0.0020806,0.0079314,0
0.30988,0,0,0,0,0.61975,1,1.6667e-07,0.0022818,0.0040606,0,-0,0.24509,0,0.0022795,0.008294,0
0.29634,0,0,0,0,0.59269,1,1.6667e-07,0.0024104,0.0040932,0,-0,0.24717,0,0.0024934,0.008666,0
0.28244,0,0,0,0,0.56489,1,1.6667e-07,0.002538,0.0041155,0,-0,0.24904,0,0.0027231,0.0090473,0
0.26822,0,0,0,0,0.53643,1,1.6667e-07,0.0026639,0.0041277,0,-0,0.2507,0,0.0029694,0.0094379,0
0.25371,0,0,0,0,0.50741,1,1.6667e-07,0.0027872,0.0041298,0,-0,0.25216,0,0.0032332,0.0098377,0
0.23897,0,0,0,0,0.47794,1,1.6667e-07,0.0029079,0.0041227,0,-0,0.25344,0,0.0035153,0.010247,0
0.22405,0,0,0,0,0.4481,1,1.6667e-07,0.0030256,0.0041071,0,-0,0.25455,0,0.0038166,0.010665,0
0.20901,0,0,0,0,0.41802,1,1.6667e-07,0.0031398,0.0040833,0,-0,0.2555,0,0.004138,0.011092,0
0.19389,0,0,0,0,0.38779,1,1.6667e-07,0.0032505,0.0040524,0,-0,0.25632,0,0.0044803,0.011528,0
0.17876,0,0,0,0,0.35752,1,1.6667e-07,0.0033576,0.004015,0,-0,0.25701,0,0.0048446,0.011973,0
0.16366,0,0,0,0,0.32731,1,1.6667e-07,0.0034612,0.0039723,0,-0,0.25761,0,0.0052316,0.012426,0
0.14864,0,0,0,0,0.29728,1,1.6667e-07,0.0035621,0.0039256,0,-0,0.25814,0,0.0056425,0.012889,0
0.13375,0,0,0,0,0.2675,1,1.6667e-07,0.00366,0.0038753,0,-0,0.25862,0,0.006078,0.013359,0
0.11904,0,0,0,0,0.23809,1,1.6667e-07,0.0037551,0.003822,0,-0,0.25906,0,0.0065393,0.013838,0
0.10455,0,0,0,0,0.20911,1,1.6667e-07,0.0038483,0.0037671,0,-0,0.25949,0,0.0070272,0.014325,0
0.090317,0,0,0,0,0.18063,1,1.6667e-07,0.0039431,0.003714,0,-0,0.26004,0,0.0075428,0.01482,0
0.07637,0,0,0,0,0.15274,1,1.6667e-07,0.0040339,0.0036577,0,-0,0.26051,0,0.008087,0.015324,0
0.062749,0,0,0,0,0.1255,1,1.6667e-07,0.0041217,0.0035994,0,-0,0.26095,0,0.008661,0.015834,0
0.049473,0,0,0,0,0.098947,1,1.6667e-07,0.004214,0.0035458,0,-0,0.26159,0,0.0092657,0.016353,0
0.036558,0,0,0,0,0.073116,1,1.6667e-07,0.004318,0.0035021,0,-0,0.26264,0,0.0099023,0.016879,0
0.024049,0,0,0,0,0.048097,1,1.6667e-07,0.0043656,0.0034146,0,-0,0.26206,0,0.010572,0.017412,0
0.01191,0,0,0,0,0.023821,1,1.6667e-07,0.0045086,0.0034019,0,-0,0.26437,0,0.011275,0.017953,0
0.0001831,0,0,0,0,0.0003662,1,1.6667e-07,0.0045495,0.0033127,0,-0,0.26372,0,0.012014,0.0185,0
-0.011121,0,0,0,0,-0.022243,1,1.6667e-07,0.0046526,0.0032708,0,-0,0.26495,0,0.012789,0.019055,0
-0.022035,0,0,0,0,-0.044069,1,1.6667e-07,0.0047369,0.0032158,0,-0,0.26568,0,0.013601,0.019616,0
-0.032508,0,0,0,0,-0.065017,1,1.6667e-07,0.0048132,0.0031564,0,-0,0.26623,0,0.014452,0.020184,0
-0.042557,0,0,0,0,-0.085114,1,1.6667e-07,0.0048863,0.0030963,0,-0,0.26675,0,0.015343,0.020759,0
-0.052193,0,0,0,0,-0.10439,1,1.6667e-07,0.0049568,0.0030361,0,-0,0.26725,0,0.016276,0.021339,0
-0.061425,0,0,0,0,-0.12285,1,1.6667e-07,0.0050262,0.0029766,0,-0,0.26777,0,0.01725,0.021927,0
-0.070259,0,0,0,0,-0.14052,1,1.6667e-07,0.0050899,0.0029151,0,-0,0.26819,0,0.018269,0.02252,0
-0.078699,0,0,0,0,-0.1574,1,1.6667e-07,0.0051485,0.0028522,0,-0,0.26852,0,0.019333,0.023119,0
-0.086753,0,0,0,0,-0.17351,1,1.6667e-07,0.0052042,0.0027893,0,-0,0.26883,0,0.020443,0.023724,0
-0.094429,0,0,0,0,-0.18886,1,1.6667e-07,0.0052551,0.0027255,0,-0,0.26906,0,0.021601,0.024335,0
-0.10174,0,0,0,0,-0.20347,1,1.6667e-07,0.0053007,0.0026608,0,-0,0.2692,0,0.022809,0.024952,0
-0.10868,0,0,0,0,-0.21737,1,1.6667e-07,0.0053406,0.0025951,0,-0,0.26924,0,0.024068,0.025574,0
-0.11529,0,0,0,0,-0.23058,1,1.6667e-07,0.0053767,0.0025293,0,-0,0.26923,0,0.02538,0.026201,0
-0.12157,0,0,0,0,-0.24314,1,1.6667e-07,0.005414,0.002466,0,-0,0.26929,0,0.026746,0.026833,0
-0.12752,0,0,0,0,-0.25505,1,1.6667e-07,0.005438,0.0023985,0,-0,0.26906,0,0.028167,0.02747,0
-0.13317,0,0,0,0,-0.26633,1,1.6667e-07,0.0054658,0.0023346,0,-0,0.26897,0,0.029646,0.028112,0
-0.13851,0,0,0,0,-0.27703,1,1.6667e-07,0.0054843,0.0022687,0,-0,0.26868,0,0.031184,0.028759,0
-0.14357,0,0,0,0,-0.28715,1,1.6667e-07,0.0055038,0.0022051,0,-0,0.26846,0,0.032783,0.02941,0
-0.14836,0,0,0,0,-0.29671,1,1.6667e-07,0.005515,0.0021401,0,-0,0.26807,0,0.034445,0.030065,0
-0.15287,0,0,0,0,-0.30575,1,1.6667e-07,0.0055265,0.002077,0,-0,0.26772,0,0.036171,0.030725,0
-0.15714,0,0,0,0,-0.31428,1,1.6667e-07,0.0055335,0.0020142,0,-0,0.2673,0,0.037964,0.031388,0
-0.16116,0,0,0,0,-0.32231,1,1.6667e-07,0.0055371,0.001952,0,-0,0.26682,0,0.039825,0.032055,0
-0.16494,0,0,0,0,-0.32988,1,1.6667e-07,0.0055381,0.0018906,0,-0,0.26631,0,0.041756,0.032725,0
-0.1685,0,0,0,0,-0.337,1,1.6667e-07,0.0055365,0.0018302,0,-0,0.26577,0,0.043759,0.033398,0
-0.17184,0,0,0,0,-0.34369,1,1.6667e-07,0.0055322,0.0017707,0,-0,0.26519,0,0.045837,0.034074,0
-0.17498,0,0,0,0,-0.34996,1,1.6667e-07,0.0055257,0.0017122,0,-0,0.26458,0,0.04799,0.034752,0
-0.17792,0,0,0,0,-0.35584,1,1.6667e-07,0.0055168,0.0016546,0,-0,0.26394,0,0.050222,0.035433,0
-0.18066,0,0,0,0,-0.36133,1,1.6667e-07,0.0055057,0.001598,0,-0,0.26327,0,0.052535,0.036115,0
-0.18323,0,0,0,0,-0.36645,1,1.6667e-07,0.0054927,0.0015425,0,-0,0.26258,0,0.05493,0.036799,0
-0.18561,0,0,0,0,-0.37122,1,1.6667e-07,0.0054781,0.0014882,0,-0,0.26186,0,0.05741,0.037484,0
-0.18783,0,0,0,0,-0.37565,1,1.6667e-07,0.0054613,0.0014347,0,-0,0.26112,0,0.059977,0.03817,0
-0.18988,0,0,0,0,-0.37975,1,1.6667e-07,0.0054433,0.0013825,0,-0,0.26036,0,0.062633,0.038856,0
-0.19177,0,0,0,0,-0.38354,1,1.6667e-07,0.0054237,0.0013313,0,-0,0.25958,0,0.06538,0.039542,0
-0.19351,0,0,0,0,-0.38701,1,1.6667e-07,0.0054027,0.0012812,0,-0,0.25879,0,0.068221,0.040228,0
-0.1951,0,0,0,0,-0.3902,1,1.6667e-07,0.0053804,0.0012322,0,-0,0.25798,0,0.071158,0.040913,0
-0.19655,0,0,0,0,-0.3931,1,1.6667e-07,0.0053569,0.0011843,0,-0,0.25715,0,0.074194,0.041596,0
-0.19786,0,0,0,0,-0.39572,1,1.6667e-07,0.0053323,0.0011374,0,-0,0.25631,0,0.07733,0.042277,0
-0.19904,0,0,0,0,-0.39807,1,1.6667e-07,0.0053067,0.0010916,0,-0,0.25546,0,0.080568,0.042956,0
-0.20008,0,0,0,0,-0.40016,1,1.6667e-07,0.0052802,0.0010469,0,-0,0.2546,0,0.083912,0.043631,0
-0.201,0,0,0,0,-0.402,1,1.6667e-07,0.0052527,0.0010032,0,-0,0.25373,0,0.087364,0.044303,0
-0.2018,0,0,0,0,-0.40359,1,1.6667e-07,0.0052244,0.00096046,0,-0,0.25285,0,0.090925,0.04497,0
-0.20247,0,0,0,0,-0.40494,1,1.6667e-07,0.0051954,0.00091877,0,-0,0.25196,0,0.094598,0.045633,0
-0.20303,0,0,0,0,-0.40606,1,1.6667e-07,0.0051657,0.00087807,0,-0,0.25106,0,0.098386,0.04629,0
-0.20347,0,0,0,0,-0.40695,1,1.6667e-07,0.0051353,0.00083834,0,-0,0.25015,0,0.10229,0.04694,0
-0.2038,0,0,0,0,-0.40761,1,1.6667e-07,0.0051042,0.00079958,0,-0,0.24923,0,0.10631,0.047584,0
-0.20403,0,0,0,0,-0.40805,1,1.6667e-07,0.0050726,0.00076175,0,-0,0.24831,0,0.11046,0.048219,0
-0.20414,0,0,0,0,-0.40828,1,1.6667e-07,0.0050405,0.00072485,0,-0,0.24738,0,0.11472,0.048847,0
-0.20415,0,0,0,0,-0.40829,1,1.6667e-07,0.0050079,0.00068887,0,-0,0.24645,0,0.11911,0.049464,0
-0.20405,0,0,0,0,-0.4081,1,1.6667e-07,0.0049747,0.00065376,0,-0,0.24551,0,0.12363,0.050072,0
-0.20385,0,0,0,0,-0.4077,1,1.6667e-07,0.0049413,0.00061955,0,-0,0.24457,0,0.12828,0.050669,0
-0.20355,0,0,0,0,-0.4071,1,1.6667e-07,0.0049073,0.00058619,0,-0,0.24361,0,0.13306,0.051254,0
-0.20315,0,0,0,0,-0.4063,1,1.6667e-07,0.004873,0.00055369,0,-0,0.24266,0,0.13797,0.051826,0
-0.20265,0,0,0,0,-0.4053,1,1.6667e-07,0.0048383,0.00052202,0,-0,0.2417,0,0.14301,0.052385,0
-0.20206,0,0,0,0,-0.40411,1,1.6667e-07,0.0048033,0.00049118,0,-0,0.24073,0,0.14819,0.05293,0
-0.20137,0,0,0,0,-0.40273,1,1.6667e-07,0.004768,0.00046114,0,-0,0.23976,0,0.15351,0.053459,0
-0.20058,0,0,0,0,-0.40117,1,1.6667e-07,0.0047324,0.0004319,0,-0,0.23878,0,0.15897,0.053972,0
-0.19971,0,0,0,0,-0.39942,1,1.6667e-07,0.0046965,0.00040344,0,-0,0.2378,0,0.16456,0.054467,0
-0.19874,0,0,0,0,-0.39748,1,1.6667e-07,0.0046604,0.00037576,0,-0,0.23682,0,0.1703,0.054945,0
-0.19769,0,0,0,0,-0.39537,1,1.6667e-07,0.0046241,0.00034884,0,-0,0.23583,0,0.17618,0.055404,0
-0.19654,0,0,0,0,-0.39308,1,1.6667e-07,0.0045875,0.00032267,0,-0,0.23484,0,0.1822,0.055843,0
-0.19531,0,0,0,0,-0.39062,1,1.6667e-07,0.0045508,0.00029724,0,-0,0.23384,0,0.18837,0.056261,0
-0.19399,0,0,0,0,-0.38798,1,1.6667e-07,0.0045139,0.00027255,0,-0,0.23284,0,0.19467,0.056658,0
-0.19259,0,0,0,0,-0.38518,1,1.6667e-07,0.0044768,0.00024858,0,-0,0.23184,0,0.20112,0.057032,0
-0.19111,0,0,0,0,-0.38221,1,1.6667e-07,0.0044397,0.00022533,0,-0,0.23083,0,0.20772,0.057382,0
-0.18954,0,0,0,0,-0.37908,1,1.6667e-07,0.0044023,0.00020277,0,-0,0.22982,0,0.21446,0.057708,0
-0.1879,0,0,0,0,-0.37579,1,1.6667e-07,0.0043649,0.00018092,0,-0,0.22881,0,0.22134,0.058009,0
-0.18618,0,0,0,0,-0.37235,1,1.6667e-07,0.0043274,0.00015976,0,-0,0.22779,0,0.22837,0.058285,0
-0.18438,0,0,0,0,-0.36876,1,1.6667e-07,0.0042899,0.00013927,0,-0,0.22677,0,0.23553,0.058533,0
-0.18251,0,0,0,0,-0.36503,1,1.6667e-07,0.0042523,0.00011946,0,-0,0.22575,0,0.24284,0.058755,0
-0.18057,0,0,0,0,-0.36115,1,1.6667e-07,0.0042147,0.00010031,0,-0,0.22473,0,0.25029,0.058948,0
-0.17857,0,0,0,0,-0.35713,1,1.6667e-07,0.0041772,8.1817e-05,0,-0,0.22371,0,0.25787,0.059112,0
-0.17649,0,0,0,0,-0.35298,1,1.6667e-07,0.0041396,6.3967e-05,0,-0,0.22268,0,0.26559,0.059248,0
-0.17435,0,0,0,0,-0.34871,1,1.6667e-07,0.004102,4.6754e-05,0,-0,0.22166,0,0.27345,0.059353,0
-0.17215,0,0,0,0,-0.34431,1,1.6667e-07,0.0040647,3.017e-05,0,-0,0.22063,0,0.28144,0.059428,0
-0.1699,0,0,0,0,-0.33979,1,1.6667e-07,0.0040272,1.4204e-05,0,-0,0.2196,0,0.28955,0.059473,0
-0.16758,0,0,0,0,-0.33517,1,1.6667e-07,0.0039902,-1.1539e-06,0,-0,0.21859,0,0.2978,0.059486,0
-0.16522,0,0,0,0,-0.33044,1,1.6667e-07,0.0039529,-1.5914e-05,0,-0,0.21756,0,0.30616,0.059468,0
-0.1628,0,0,0,0,-0.32561,1,1.6667e-07,0.003916,-3.0084e-05,0,-0,0.21653,0,0.31465,0.059418,0
-0.16034,0,0,0,0,-0.32068,1,1.6667e-07,0.0038793,-4.3678e-05,0,-0,0.21552,0,0.32325,0.059337,0
-0.15784,0,0,0,0,-0.31567,1,1.6667e-07,0.0038427,-5.6705e-05,0,-0,0.2145,0,0.33197,0.059223,0
-0.15529,0,0,0,0,-0.31058,1,1.6667e-07,0.0038064,-6.9179e-05,0,-0,0.21348,0,0.34079,0.059078,0
-0.1527,0,0,0,0,-0.30541,1,1.6667e-07,0.0037703,-8.1109e-05,0,-0,0.21247,0,0.34972,0.0589,0
-0.15009,0,0,0,0,-0.30017,1,1.6667e-07,0.0037345,-9.251e-05,0,-0,0.21146,0,0.35875,0.058691,0
-0.14744,0,0,0,0,-0.29487,1,1.6667e-07,0.0036989,-0.00010339,0,-0,0.21046,0,0.36787,0.058451,0
-0.14476,0,0,0,0,-0.28952,1,1.6667e-07,0.0036637,-0.00011377,0,-0,0.20946,0,0.37708,0.058179,0
-0.14206,0,0,0,0,-0.28411,1,1.6667e-07,0.0036288,-0.00012366,0,-0,0.20846,0,0.38638,0.057876,0
-0.13933,0,0,0,0,-0.27866,1,1.6667e-07,0.0035942,-0.00013307,0,-0,0.20748,0,0.39575,0.057543,0
-0.13659,0,0,0,0,-0.27318,1,1.6667e-07,0.00356,-0.00014202,0,-0,0.2065,0,0.4052,0.057179,0
-0.13383,0,0,0,0,-0.26766,1,1.6667e-07,0.0035261,-0.00015051,0,-0,0.20552,0,0.41471,0.056786,0
-0.13106,0,0,0,0,-0.26212,1,1.6667e-07,0.0034927,-0.00015858,0,-0,0.20455,0,0.42428,0.056365,0
-0.12828,0,0,0,0,-0.25655,1,1.6667e-07,0.0034596,-0.00016622,0,-0,0.20359,0,0.43391,0.055915,0
-0.12549,0,0,0,0,-0.25098,1,1.6667e-07,0.0034269,-0.00017346,0,-0,0.20264,0,0.44359,0.055437,0
-0.12269,0,0,0,0,-0.24539,1,1.6667e-07,0.0033947,-0.00018031,0,-0,0.2017,0,0.45331,0.054933,0
-0.1199,0,0,0,0,-0.2398,1,1.6667e-07,0.0033629,-0.00018678,0,-0,0.20076,0,0.46306,0.054403,0
-0.11711,0,0,0,0,-0.23421,1,1.6667e-07,0.0033315,-0.00019289,0,-0,0.19984,0,0.47284,0.053848,0
-0.11431,0,0,0,0,-0.22863,1,1.6667e-07,0.0033005,-0.00019865,0,-0,0.19892,0,0.48265,0.053269,0
-0.11153,0,0,0,0,-0.22305,1,1.6667e-07,0.00327,-0.00020409,0,-0,0.19801,0,0.49246,0.052667,0
-0.10875,0,0,0,0,-0.21749,1,1.6667e-07,0.00324,-0.0002092,0,-0,0.19711,0,0.50229,0.052043,0
-0.10597,0,0,0,0,-0.21195,1,1.6667e-07,0.0032104,-0.00021401,0,-0,0.19622,0,0.51212,0.051398,0
-0.10321,0,0,0,0,-0.20643,1,1.6667e-07,0.0031812,-0.00021853,0,-0,0.19534,0,0.52194,0.050733,0
-0.10046,0,0,0,0,-0.20093,1,1.6667e-07,0.0031525,-0.00022277,0,-0,0.19447,0,0.53174,0.05005,0
-0.097729,0,0,0,0,-0.19546,1,1.6667e-07,0.0031242,-0.00022675,0,-0,0.19361,0,0.54153,0.049349,0
-0.095007,0,0,0,0,-0.19001,1,1.6667e-07,0.0030963,-0.00023048,0,-0,0.19276,0,0.55129,0.048631,0
-0.092301,0,0,0,0,-0.1846,1,1.6667e-07,0.0030689,-0.00023397,0,-0,0.19192,0,0.56102,0.047898,0
-0.089611,0,0,0,0,-0.17922,1,1.6667e-07,0.0030419,-0.00023723,0,-0,0.19108,0,0.57071,0.047151,0
-0.086939,0,0,0,0,-0.17388,1,1.6667e-07,0.0030152,-0.00024028,0,-0,0.19026,0,0.58035,0.046391,0
-0.084284,0,0,0,0,-0.16857,1,1.6667e-07,0.002989,-0.00024312,0,-0,0.18945,0,0.58993,0.045619,0
-0.081648,0,0,0,0,-0.1633,1,1.6667e-07,0.0029632,-0.00024577,0,-0,0.18864,0,0.59946,0.044836,0
-0.07903,0,0,0,0,-0.15806,1,1.6667e-07,0.0029378,-0.00024824,0,-0,0.18784,0,0.60892,0.044044,0
-0.07643,0,0,0,0,-0.15286,1,1.6667e-07,0.0029127,-0.00025053,0,-0,0.18706,0,0.61831,0.043243,0
-0.073849,0,0,0,0,-0.1477,1,1.6667e-07,0.002888,-0.00025266,0,-0,0.18627,0,0.62763,0.042435,0
-0.071288,0,0,0,0,-0.14258,1,1.6667e-07,0.0028636,-0.00025463,0,-0,0.1855,0,0.63686,0.04162,0
-0.068744,0,0,0,0,-0.13749,1,1.6667e-07,0.0028395,-0.00025644,0,-0,0.18473,0,0.646,0.040801,0
-0.066219,0,0,0,0,-0.13244,1,1.6667e-07,0.0028157,-0.00025812,0,-0,0.18397,0,0.65505,0.039977,0
-0.063712,0,0,0,0,-0.12742,1,1.6667e-07,0.0027922,-0.00025966,0,-0,0.18322,0,0.66401,0.03915,0
-0.061223,0,0,0,0,-0.12245,1,1.6667e-07,0.002769,-0.00026108,0,-0,0.18247,0,0.67286,0.038321,0
-0.05875,0,0,0,0,-0.1175,1,1.6667e-07,0.002746,-0.00026237,0,-0,0.18173,0,0.6816,0.037491,0
-0.056294,0,0,0,0,-0.11259,1,1.6667e-07,0.0027233,-0.00026354,0,-0,0.18099,0,0.69023,0.036661,0
-0.053854,0,0,0,0,-0.10771,1,1.6667e-07,0.0027008,-0.0002646,0,-0,0.18025,0,0.69875,0.035832,0
-0.05143,0,0,0,0,-0.10286,1,1.6667e-07,0.0026785,-0.00026555,0,-0,0.17952,0,0.70715,0.035004,0
-0.04902,0,0,0,0,-0.09804,1,1.6667e-07,0.0026563,-0.0002664,0,-0,0.1788,0,0.71543,0.034179,0
-0.046624,0,0,0,0,-0.093249,1,1.6667e-07,0.0026344,-0.00026715,0,-0,0.17807,0,0.72358,0.033356,0
-0.044242,0,0,0,0,-0.088484,1,1.6667e-07,0.0026126,-0.0002678,0,-0,0.17735,0,0.7316,0.032538,0
-0.041872,0,0,0,0,-0.083744,1,1.6667e-07,0.002591,-0.00026836,0,-0,0.17663,0,0.7395,0.031725,0
-0.039514,0,0,0,0,-0.079028,1,1.6667e-07,0.0025694,-0.00026882,0,-0,0.17591,0,0.74726,0.030916,0
-0.037167,0,0,0,0,-0.074334,1,1.6667e-07,0.002548,-0.0002692,0,-0,0.17519,0,0.75489,0.030115,0
-0.034831,0,0,0,0,-0.069661,1,1.6667e-07,0.0025267,-0.00026949,0,-0,0.17447,0,0.76238,0.029319,0
-0.032504,0,0,0,0,-0.065008,1,1.6667e-07,0.0025054,-0.00026969,0,-0,0.17375,0,0.76973,0.028531,0
-0.030186,0,0,0,0,-0.060372,1,1.6667e-07,0.0024842,-0.00026981,0,-0,0.17303,0,0.77694,0.027751,0
-0.027876,0,0,0,0,-0.055753,1,1.6667e-07,0.0024631,-0.00026985,0,-0,0.17231,0,0.78402,0.026979,0
-0.025575,0,0,0,0,-0.051149,1,1.6667e-07,0.0024419,-0.00026981,0,-0,0.17159,0,0.79095,0.026217,0
-0.02328,0,0,0,0,-0.046559,1,1.6667e-07,0.0024208,-0.00026968,0,-0,0.17086,0,0.79774,0.025463,0
-0.020991,0,0,0,0,-0.041983,1,1.6667e-07,0.0023997,-0.00026948,0,-0,0.17013,0,0.80439,0.024719,0
-0.018709,0,0,0,0,-0.037417,1,1.6667e-07,0.0023786,-0.0002692,0,-0,0.1694,0,0.8109,0.023986,0
-0.016431,0,0,0,0,-0.032862,1,1.6667e-07,0.0023575,-0.00026884,0,-0,0.16867,0,0.81727,0.023262,0
-0.014159,0,0,0,0,-0.028317,1,1.6667e-07,0.0023364,-0.0002684,0,-0,0.16793,0,0.82349,0.02255,0
-0.01189,0,0,0,0,-0.02378,1,1.6667e-07,0.0023152,-0.00026789,0,-0,0.16718,0,0.82957,0.021849,0
-0.0096257,0,0,0,0,-0.019251,1,1.6667e-07,0.0022939,-0.0002673,0,-0,0.16643,0,0.83551,0.021159,0
-0.0073645,0,0,0,0,-0.014729,1,1.6667e-07,0.0022726,-0.00026663,0,-0,0.16568,0,0.84132,0.02048,0
-0.0051064,0,0,0,0,-0.010213,1,1.6667e-07,0.0022513,-0.00026589,0,-0,0.16492,0,0.84698,0.019813,0
-0.0028509,0,0,0,0,-0.0057019,1,1.6667e-07,0.0022299,-0.00026507,0,-0,0.16415,0,0.8525,0.019159,0
-0.00059787,0,0,0,0,-0.0011957,1,1.6667e-07,0.0022084,-0.00026417,0,-0,0.16337,0,0.85789,0.018516,0
0.0016531,0,0,0,0,0.0033062,1,1.6667e-07,0.0021868,-0.0002632,0,-0,0.16259,0,0.86315,0.017886,0
0.0039022,0,0,0,0,0.0078044,1,1.6667e-07,0.0021651,-0.00026216,0,-0,0.16181,0,0.86827,0.017268,0
0.0061497,0,0,0,0,0.012299,1,1.6667e-07,0.0021433,-0.00026104,0,-0,0.16101,0,0.87325,0.016662,0
0.0083956,0,0,0,0,0.016791,1,1.6667e-07,0.0021214,-0.00025984,0,-0,0.16021,0,0.87811,0.016069,0
0.01064,0,0,0,0,0.02128,1,1.6667e-07,0.0020993,-0.00025858,0,-0,0.15939,0,0.88284,0.015488,0
0.012884,0,0,0,0,0.025767,1,1.6667e-07,0.0020772,-0.00025723,0,-0,0.15857,0,0.88744,0.01492,0
0.015126,0,0,0,0,0.030251,1,1.6667e-07,0.0020549,-0.00025581,0,-0,0.15774,0,0.89191,0.014364,0
0.017367,0,0,0,0,0.034733,1,1.6667e-07,0.0020325,-0.00025432,0,-0,0.1569,0,0.89626,0.013821,0
0.019607,0,0,0,0,0.039213,1,1.6667e-07,0.00201,-0.00025276,0,-0,0.15606,0,0.9005,0.01329,0
0.021845,0,0,0,0,0.043691,1,1.6667e-07,0.0019873,-0.00025112,0,-0,0.1552,0,0.90461,0.012772,0
0.024083,0,0,0,0,0.048166,1,1.6667e-07,0.0019645,-0.00024941,0,-0,0.15433,0,0.9086,0.012265,0
0.026319,0,0,0,0,0.052638,1,1.6667e-07,0.0019415,-0.00024763,0,-0,0.15345,0,0.91249,0.011771,0
0.028554,0,0,0,0,0.057108,1,1.6667e-07,0.0019184,-0.00024578,0,-0,0.15256,0,0.91626,0.01129,0
0.030787,0,0,0,0,0.061575,1,1.6667e-07,0.0018952,-0.00024385,0,-0,0.15165,0,0.91991,0.01082,0
0.033019,0,0,0,0,0.066038,1,1.6667e-07,0.0018717,-0.00024186,0,-0,0.15074,0,0.92347,0.010362,0
0.035249,0,0,0,0,0.070498,1,1.6667e-07,0.0018481,-0.00023979,0,-0,0.14982,0,0.92691,0.0099156,0
0.037477,0,0,0,0,0.074954,1,1.6667e-07,0.0018244,-0.00023765,0,-0,0.14888,0,0.93025,0.009481,0
0.039703,0,0,0,0,0.079406,1,1.6667e-07,0.0018005,-0.00023545,0,-0,0.14793,0,0.9335,0.0090579,0
0.041926,0,0,0,0,0.083852,1,1.6667e-07,0.0017764,-0.00023318,0,-0,0.14696,0,0.93664,0.008646,0
0.044147,0,0,0,0,0.088294,1,1.6667e-07,0.0017522,-0.00023084,0,-0,0.14599,0,0.93969,0.0082453,0
0.046365,0,0,0,0,0.092729,1,1.6667e-07,0.0017278,-0.00022843,0,-0,0.145,0,0.94264,0.0078555,0
0.048579,0,0,0,0,0.097159,1,1.6667e-07,0.0017032,-0.00022596,0,-0,0.14399,0,0.9455,0.0074765,0
0.050791,0,0,0,0,0.10158,1,1.6667e-07,0.0016784,-0.00022342,0,-0,0.14297,0,0.94827,0.007108,0
0.052998,0,0,0,0,0.106,1,1.6667e-07,0.0016535,-0.00022082,0,-0,0.14194,0,0.95096,0.00675,0
0.055202,0,0,0,0,0.1104,1,1.6667e-07,0.0016284,-0.00021815,0,-0,0.14089,0,0.95356,0.0064022,0
0.057402,0,0,0,0,0.1148,1,1.6667e-07,0.001603,-0.00021541,0,-0,0.13982,0,0.95608,0.0060644,0
0.059599,0,0,0,0,0.1192,1,1.6667e-07,0.0015775,-0.00021261,0,-0,0.13874,0,0.95852,0.0057364,0
0.061791,0,0,0,0,0.12358,1,1.6667e-07,0.0015518,-0.00020975,0,-0,0.13764,0,0.96087,0.005418,0
0.063978,0,0,0,0,0.12796,1,1.6667e-07,0.0015259,-0.00020682,0,-0,0.13652,0,0.96316,0.005109,0
0.066162,0,0,0,0,0.13232,1,1.6667e-07,0.0014997,-0.00020382,0,-0,0.13538,0,0.96537,0.0048092,0
0.068342,0,0,0,0,0.13668,1,1.6667e-07,0.0014733,-0.00020075,0,-0,0.13422,0,0.9675,0.0045184,0
0.070519,0,0,0,0,0.14104,1,1.6667e-07,0.0014466,-0.00019762,0,-0,0.13304,0,0.96957,0.0042365,0
0.072692,0,0,0,0,0.14538,1,1.6667e-07,0.0014197,-0.00019441,0,-0,0.13183,0,0.97157,0.0039631,0
0.074862,0,0,0,0,0.14972,1,1.6667e-07,0.0013924,-0.00019114,0,-0,0.1306,0,0.9735,0.0036981,0
0.077031,0,0,0,0,0.15406,1,1.6667e-07,0.0013648,-0.00018778,0,-0,0.12934,0,0.97537,0.0034413,0
0.079198,0,0,0,0,0.1584,1,1.6667e-07,0.0013368,-0.00018434,0,-0,0.12805,0,0.97718,0.0031925,0
0.081366,0,0,0,0,0.16273,1,1.6667e-07,0.0013084,-0.00018081,0,-0,0.12673,0,0.97892,0.0029514,0
0.083536,0,0,0,0,0.16707,1,1.6667e-07,0.0012795,-0.00017718,0,-0,0.12536,0,0.98061,0.002718,0
0.08571,0,0,0,0,0.17142,1,1.6667e-07,0.0012499,-0.00017344,0,-0,0.12395,0,0.98224,0.002492,0
0.08789,0,0,0,0,0.17578,1,1.6667e-07,0.0012198,-0.00016958,0,-0,0.12249,0,0.98381,0.0022731,0
0.090082,0,0,0,0,0.18016,1,1.6667e-07,0.0011888,-0.00016559,0,-0,0.12097,0,0.98534,0.0020613,0
0.092289,0,0,0,0,0.18458,1,1.6667e-07,0.0011568,-0.00016144,0,-0,0.11939,0,0.98681,0.0018563,0
0.094516,0,0,0,0,0.18903,1,1.6667e-07,0.0011236,-0.00015707,0,-0,0.11771,0,0.98823,0.0016579,0
0.096768,0,0,0,0,0.19354,1,1.6667e-07,0.0010885,-0.00015243,0,-0,0.1159,0,0.9896,0.001466,0
0.099051,0,0,0,0,0.1981,1,1.6667e-07,0.0010508,-0.00014739,0,-0,0.11393,0,0.99092,0.0012803,0
0.10137,0,0,0,0,0.20274,1,1.6667e-07,0.0010099,-0.00014188,0,-0,0.11175,0,0.9922,0.0011007,0
0.10376,0,0,0,0,0.20751,1,1.6667e-07,0.00096664,-0.00013602,0,-0,0.10938,0,0.99344,0.00092705,0
0.10626,0,0,0,0,0.21253,1,1.6667e-07,0.00092427,-0.00013025,0,-0,0.10701,0,0.99463,0.00075913,0
0.10902,0,0,0,0,0.21803,1,1.6667e-07,0.00088904,-0.00012546,0,-0,0.105,0,0.99578,0.00059679,0
0.11217,0,0,0,0,0.22434,1,1.6667e-07,0.00086786,-0.00012265,0,-0,0.1038,0,0.99689,0.00043986,0
0.11578,0,0,0,0,0.23156,1,1.6667e-07,0.00086645,-0.00012261,0,-0,0.10377,0,0.99797,0.00028818,0
0.11954,0,0,0,0,0.23907,1,1.6667e-07,0.00088585,-0.00012547,0,-0,0.10499,0,0.999,0.00014159,0
