"Nu_Tilde"	"Pressure_Coefficient"	"Density"	"Laminar_Viscosity"	"Skin_Friction_Coefficient:0"	"Skin_Friction_Coefficient:1"	"Skin_Friction_Coefficient:2"	"Heat_Flux"	"Y_Plus"	"Eddy_Viscosity"	"Pressure"	"Velocity:0"	"Velocity:1"	"Velocity:2"	"vorticity:0"	"vorticity:1"	"vorticity:2"	"velocity_magnitude"	"vorticity_magnitude"	"Points:0"	"Points:1"	"Points:2"
1.00460626e-08	8.93653929e-01	1.00000000e+00	1.66666567e-07	0.00000000e+00	0.00000000e+00	0.00000000e+00	0.00000000e+00	0.00000000e+00	6.14699899e-15	4.46826965e-01	1.88816083e-03	7.12867314e-03	0.00000000e+00	0.00000000e+00	0.00000000e+00	-8.41935883e+03	7.37449199e-03	8.41935883e+03	5.29673067e-04	4.04492859e-03	0.00000000e+00
0.00000000e+00	8.93656492e-01	1.00000000e+00	1.66666567e-07	7.25693593e-04	2.73598288e-03	0.00000000e+00	-0.00000000e+00	1.96026057e-01	0.00000000e+00	4.46828246e-01	0.00000000e+00	0.00000000e+00	0.00000000e+00	0.00000000e+00	0.00000000e+00	-8.49189493e+03	0.00000000e+00	8.49189493e+03	5.30510792e-04	4.04469995e-03	0.00000000e+00
2.32689583e-08	8.93653095e-01	1.00000000e+00	1.66666567e-07	0.00000000e+00	0.00000000e+00	0.00000000e+00	0.00000000e+00	0.00000000e+00	1.76923079e-13	4.46826547e-01	4.36873641e-03	1.64843444e-02	0.00000000e+00	0.00000000e+00	0.00000000e+00	-8.25200166e+03	1.70534298e-02	8.25200166e+03	5.28554490e-04	4.04523453e-03	0.00000000e+00
3.96729547e-08	8.93652141e-01	1.00000000e+00	1.66666567e-07	0.00000000e+00	0.00000000e+00	0.00000000e+00	0.00000000e+00	0.00000000e+00	1.49500247e-12	4.46826071e-01	7.48238200e-03	2.82137170e-02	0.00000000e+00	0.00000000e+00	0.00000000e+00	-8.03739210e+03	2.91890368e-02	8.03739210e+03	5.27119322e-04	4.04562661e-03	0.00000000e+00
5.90451101e-08	8.93651187e-01	1.00000000e+00	1.66666567e-07	0.00000000e+00	0.00000000e+00	0.00000000e+00	0.00000000e+00	0.00000000e+00	7.33435535e-12	4.46825594e-01	1.12592410e-02	4.24195416e-02	0.00000000e+00	0.00000000e+00	0.00000000e+00	-7.77032951e+03	4.38883586e-02	7.77032951e+03	5.25328214e-04	4.04611602e-03	0.00000000e+00
8.09627636e-08	8.93650413e-01	1.00000000e+00	1.66666567e-07	0.00000000e+00	0.00000000e+00	0.00000000e+00	0.00000000e+00	0.00000000e+00	2.59228385e-11	4.46825206e-01	1.57134552e-02	5.91405183e-02	0.00000000e+00	0.00000000e+00	0.00000000e+00	-7.44537571e+03	6.11924307e-02	7.44537571e+03	5.23138093e-04	4.04671486e-03	0.00000000e+00
1.04818952e-07	8.93650234e-01	1.00000000e+00	1.66666567e-07	0.00000000e+00	0.00000000e+00	0.00000000e+00	0.00000000e+00	0.00000000e+00	7.28011193e-11	4.46825117e-01	2.08369605e-02	7.83267766e-02	0.00000000e+00	0.00000000e+00	0.00000000e+00	-7.05703021e+03	8.10509893e-02	7.05703021e+03	5.20501228e-04	4.04743524e-03	0.00000000e+00
1.29849084e-07	8.93651247e-01	1.00000000e+00	1.66666567e-07	0.00000000e+00	0.00000000e+00	0.00000000e+00	0.00000000e+00	0.00000000e+00	1.71341621e-10	4.46825624e-01	2.65923012e-02	9.98120606e-02	0.00000000e+00	0.00000000e+00	0.00000000e+00	-6.60127852e+03	1.03293746e-01	6.60127852e+03	5.17365290e-04	4.04829253e-03	0.00000000e+00
1.55151170e-07	8.93654704e-01	1.00000000e+00	1.66666567e-07	0.00000000e+00	0.00000000e+00	0.00000000e+00	0.00000000e+00	0.00000000e+00	3.48918061e-10	4.46827352e-01	3.29051875e-02	1.23285048e-01	0.00000000e+00	0.00000000e+00	0.00000000e+00	-6.07650585e+03	1.27600762e-01	6.07650585e+03	5.13673003e-04	4.04930161e-03	0.00000000e+00
1.79706007e-07	8.93662095e-01	1.00000000e+00	1.66666567e-07	0.00000000e+00	0.00000000e+00	0.00000000e+00	0.00000000e+00	0.00000000e+00	6.27210395e-10	4.46831048e-01	3.96581143e-02	1.48265123e-01	0.00000000e+00	0.00000000e+00	0.00000000e+00	-5.48485985e+03	1.53477402e-01	5.48485985e+03	5.09361271e-04	4.05048020e-03	0.00000000e+00
2.02412537e-07	8.93675387e-01	1.00000000e+00	1.66666567e-07	0.00000000e+00	0.00000000e+00	0.00000000e+00	0.00000000e+00	0.00000000e+00	1.00800668e-09	4.46837693e-01	4.66871485e-02	1.74090460e-01	0.00000000e+00	0.00000000e+00	0.00000000e+00	-4.83409103e+03	1.80241999e-01	4.83409103e+03	5.04361000e-04	4.05184692e-03	0.00000000e+00
2.22151300e-07	8.93697441e-01	1.00000000e+00	1.66666567e-07	0.00000000e+00	0.00000000e+00	0.00000000e+00	0.00000000e+00	0.00000000e+00	1.46020507e-09	4.46848720e-01	5.37842363e-02	1.99927643e-01	0.00000000e+00	0.00000000e+00	0.00000000e+00	-4.13862936e+03	2.07035761e-01	4.13862936e+03	4.98596695e-04	4.05342225e-03	0.00000000e+00
2.37884890e-07	8.93731236e-01	1.00000000e+00	1.66666567e-07	0.00000000e+00	0.00000000e+00	0.00000000e+00	0.00000000e+00	0.00000000e+00	1.91706340e-09	4.46865618e-01	6.07073791e-02	2.24811673e-01	0.00000000e+00	0.00000000e+00	0.00000000e+00	-3.41998820e+03	2.32864068e-01	3.41998820e+03	4.91985295e-04	4.05522902e-03	0.00000000e+00
2.48800490e-07	8.93779933e-01	1.00000000e+00	1.66666567e-07	0.00000000e+00	0.00000000e+00	0.00000000e+00	0.00000000e+00	0.00000000e+00	2.29124031e-09	4.46889967e-01	6.72001615e-02	2.47721896e-01	0.00000000e+00	0.00000000e+00	0.00000000e+00	-2.70612960e+03	2.56674890e-01	2.70612960e+03	4.84436314e-04	4.05729236e-03	0.00000000e+00
2.54488697e-07	8.93846452e-01	1.00000000e+00	1.66666567e-07	0.00000000e+00	0.00000000e+00	0.00000000e+00	0.00000000e+00	0.00000000e+00	2.50645482e-09	4.46923226e-01	7.30211064e-02	2.67695487e-01	0.00000000e+00	0.00000000e+00	0.00000000e+00	-2.02957546e+03	2.77476045e-01	2.02957546e+03	4.75850771e-04	4.05963883e-03	0.00000000e+00
2.55133784e-07	8.93933296e-01	1.00000000e+00	1.66666567e-07	0.00000000e+00	0.00000000e+00	0.00000000e+00	0.00000000e+00	0.00000000e+00	2.53177790e-09	4.46966648e-01	7.79814795e-02	2.83973634e-01	0.00000000e+00	0.00000000e+00	0.00000000e+00	-1.42429934e+03	2.94486224e-01	1.42429934e+03	4.66120284e-04	4.06229822e-03	0.00000000e+00
2.51660055e-07	8.94042194e-01	1.00000000e+00	1.66666567e-07	0.00000000e+00	0.00000000e+00	0.00000000e+00	0.00000000e+00	0.00000000e+00	2.39764120e-09	4.47021097e-01	8.19861740e-02	2.96158612e-01	0.00000000e+00	0.00000000e+00	0.00000000e+00	-9.20575475e+02	3.07297341e-01	9.20575475e+02	4.55126981e-04	4.06530267e-03	0.00000000e+00
2.45750130e-07	8.94174397e-01	1.00000000e+00	1.66666567e-07	0.00000000e+00	0.00000000e+00	0.00000000e+00	0.00000000e+00	0.00000000e+00	2.18165375e-09	4.47087198e-01	8.50642100e-02	3.04331005e-01	0.00000000e+00	0.00000000e+00	0.00000000e+00	-5.37782784e+02	3.15995696e-01	5.37782784e+02	4.42741584e-04	4.06868802e-03	0.00000000e+00
2.39666605e-07	8.94330502e-01	1.00000000e+00	1.66666567e-07	0.00000000e+00	0.00000000e+00	0.00000000e+00	0.00000000e+00	0.00000000e+00	1.97477990e-09	4.47165251e-01	8.73703212e-02	3.09053898e-01	0.00000000e+00	0.00000000e+00	0.00000000e+00	-2.77865489e+02	3.21166444e-01	2.77865489e+02	4.28823987e-04	4.07249155e-03	0.00000000e+00
2.36006983e-07	8.94510031e-01	1.00000000e+00	1.66666567e-07	0.00000000e+00	0.00000000e+00	0.00000000e+00	0.00000000e+00	0.00000000e+00	1.85758187e-09	4.47255015e-01	8.91446248e-02	3.11216474e-01	0.00000000e+00	0.00000000e+00	0.00000000e+00	-1.23864173e+02	3.23732077e-01	1.23864173e+02	4.13220667e-04	4.07675607e-03	0.00000000e+00
2.41726269e-07	8.94711316e-01	1.00000000e+00	1.66666567e-07	0.00000000e+00	0.00000000e+00	0.00000000e+00	0.00000000e+00	0.00000000e+00	2.04309569e-09	4.47355658e-01	9.06432644e-02	3.11764866e-01	0.00000000e+00	0.00000000e+00	0.00000000e+00	-4.62549219e+01	3.24674503e-01	4.62549219e+01	3.95765033e-04	4.08152677e-03	0.00000000e+00
2.57294374e-07	8.94931436e-01	1.00000000e+00	1.66666567e-07	0.00000000e+00	0.00000000e+00	0.00000000e+00	0.00000000e+00	0.00000000e+00	2.61793964e-09	4.47465718e-01	9.20749903e-02	3.11456352e-01	0.00000000e+00	0.00000000e+00	0.00000000e+00	-1.39435699e+01	3.24781255e-01	1.39435699e+01	3.76277982e-04	4.08685300e-03	0.00000000e+00
2.42983702e-07	8.94729137e-01	1.00000000e+00	1.66666567e-07	0.00000000e+00	0.00000000e+00	0.00000000e+00	0.00000000e+00	0.00000000e+00	2.08952455e-09	4.47364569e-01	9.07588974e-02	3.11739981e-01	0.00000000e+00	0.00000000e+00	0.00000000e+00	-4.36439352e+01	3.24682912e-01	4.36439352e+01	3.94190574e-04	4.08195704e-03	0.00000000e+00
2.79283995e-07	8.95168662e-01	1.00000000e+00	1.66666567e-07	0.00000000e+00	0.00000000e+00	0.00000000e+00	0.00000000e+00	0.00000000e+00	3.62404196e-09	4.47584331e-01	9.35729966e-02	3.10754895e-01	0.00000000e+00	0.00000000e+00	0.00000000e+00	-3.23524961e+00	3.24537379e-01	3.23524961e+00	3.54560616e-04	4.09278832e-03	0.00000000e+00
3.04542084e-07	8.95422161e-01	1.00000000e+00	1.66666567e-07	0.00000000e+00	0.00000000e+00	0.00000000e+00	0.00000000e+00	0.00000000e+00	5.10425124e-09	4.47711080e-01	9.52067003e-02	3.09873492e-01	0.00000000e+00	0.00000000e+00	0.00000000e+00	-5.80600546e-01	3.24169549e-01	5.80600546e-01	3.30398005e-04	4.09939233e-03	0.00000000e+00
3.30696537e-07	8.95691693e-01	1.00000000e+00	1.66666567e-07	0.00000000e+00	0.00000000e+00	0.00000000e+00	0.00000000e+00	0.00000000e+00	7.06361503e-09	4.47845846e-01	9.70090926e-02	3.08880597e-01	0.00000000e+00	0.00000000e+00	0.00000000e+00	-1.60540965e-01	3.23756062e-01	1.60540965e-01	3.03556677e-04	4.10672836e-03	0.00000000e+00
3.56074679e-07	8.95976901e-01	1.00000000e+00	1.66666567e-07	0.00000000e+00	0.00000000e+00	0.00000000e+00	0.00000000e+00	0.00000000e+00	9.44444078e-09	4.47988451e-01	9.89990905e-02	3.07785928e-01	0.00000000e+00	0.00000000e+00	0.00000000e+00	-1.47374251e-01	3.23315631e-01	1.47374251e-01	2.73782673e-04	4.11486579e-03	0.00000000e+00
3.79554564e-07	8.96276832e-01	1.00000000e+00	1.66666567e-07	0.00000000e+00	0.00000000e+00	0.00000000e+00	0.00000000e+00	0.00000000e+00	1.21250583e-08	4.48138416e-01	1.01192571e-01	3.06583434e-01	0.00000000e+00	0.00000000e+00	0.00000000e+00	-1.56813562e-01	3.22851884e-01	1.56813562e-01	2.40799753e-04	4.12388053e-03	0.00000000e+00
4.00455974e-07	8.96589637e-01	1.00000000e+00	1.66666567e-07	0.00000000e+00	0.00000000e+00	0.00000000e+00	0.00000000e+00	0.00000000e+00	1.49414277e-08	4.48294818e-01	1.03605866e-01	3.05264503e-01	0.00000000e+00	0.00000000e+00	0.00000000e+00	-1.50425462e-01	3.22367170e-01	1.50425462e-01	2.04307711e-04	4.13385406e-03	0.00000000e+00
4.18467749e-07	8.96912575e-01	1.00000000e+00	1.66666567e-07	0.00000000e+00	0.00000000e+00	0.00000000e+00	0.00000000e+00	0.00000000e+00	1.77231154e-08	4.48456287e-01	1.06256254e-01	3.03820282e-01	0.00000000e+00	0.00000000e+00	0.00000000e+00	-1.36862386e-01	3.21865120e-01	1.36862386e-01	1.63979275e-04	4.14487626e-03	0.00000000e+00
4.33580652e-07	8.97241890e-01	1.00000000e+00	1.66666567e-07	0.00000000e+00	0.00000000e+00	0.00000000e+00	0.00000000e+00	0.00000000e+00	2.03287200e-08	4.48620945e-01	1.09162159e-01	3.02241981e-01	0.00000000e+00	0.00000000e+00	0.00000000e+00	-1.21490023e-01	3.21351197e-01	1.21490023e-01	1.19458389e-04	4.15704399e-03	0.00000000e+00
4.46005799e-07	8.97572935e-01	1.00000000e+00	1.66666567e-07	0.00000000e+00	0.00000000e+00	0.00000000e+00	0.00000000e+00	0.00000000e+00	2.26670043e-08	4.48786467e-01	1.12342961e-01	3.00520509e-01	0.00000000e+00	0.00000000e+00	0.00000000e+00	-1.06502346e-01	3.20832538e-01	1.06502346e-01	7.03562691e-05	4.17046389e-03	0.00000000e+00
4.56082489e-07	8.97899508e-01	1.00000000e+00	1.66666567e-07	0.00000000e+00	0.00000000e+00	0.00000000e+00	0.00000000e+00	0.00000000e+00	2.46988883e-08	4.48949754e-01	1.15819156e-01	2.98646778e-01	0.00000000e+00	0.00000000e+00	0.00000000e+00	-9.28194836e-02	3.20318552e-01	9.28194836e-02	1.62482629e-05	4.18525236e-03	0.00000000e+00
4.64193533e-07	8.98213983e-01	1.00000000e+00	1.66666567e-07	0.00000000e+00	0.00000000e+00	0.00000000e+00	0.00000000e+00	0.00000000e+00	2.64255480e-08	4.49106991e-01	1.19612254e-01	2.96611309e-01	0.00000000e+00	0.00000000e+00	0.00000000e+00	-8.01696310e-02	3.19820825e-01	8.01696310e-02	-4.33310997e-05	4.20153607e-03	0.00000000e+00
4.70705004e-07	8.98507237e-01	1.00000000e+00	1.66666567e-07	0.00000000e+00	0.00000000e+00	0.00000000e+00	0.00000000e+00	0.00000000e+00	2.78720300e-08	4.49253619e-01	1.23744972e-01	2.94404626e-01	0.00000000e+00	0.00000000e+00	0.00000000e+00	-6.88183102e-02	3.19353882e-01	6.88183102e-02	-1.08893284e-04	4.21945471e-03	0.00000000e+00
4.75935451e-07	8.98767829e-01	1.00000000e+00	1.66666567e-07	0.00000000e+00	0.00000000e+00	0.00000000e+00	0.00000000e+00	0.00000000e+00	2.90736164e-08	4.49383914e-01	1.28241241e-01	2.92016983e-01	0.00000000e+00	0.00000000e+00	0.00000000e+00	-5.78113104e-02	3.18935314e-01	5.78113104e-02	-1.81002892e-04	4.23916290e-03	0.00000000e+00
4.80147094e-07	8.98982525e-01	1.00000000e+00	1.66666567e-07	0.00000000e+00	0.00000000e+00	0.00000000e+00	0.00000000e+00	0.00000000e+00	3.00672482e-08	4.49491262e-01	1.33126348e-01	2.89438456e-01	0.00000000e+00	0.00000000e+00	0.00000000e+00	-4.68373295e-02	3.18586322e-01	4.68373295e-02	-2.60287226e-04	4.26083198e-03	0.00000000e+00
4.83549968e-07	8.99135172e-01	1.00000000e+00	1.66666567e-07	0.00000000e+00	0.00000000e+00	0.00000000e+00	0.00000000e+00	0.00000000e+00	3.08872679e-08	4.49567586e-01	1.38427243e-01	2.86658823e-01	0.00000000e+00	0.00000000e+00	0.00000000e+00	-3.55680681e-02	3.18332189e-01	3.55680681e-02	-3.47447814e-04	4.28465381e-03	0.00000000e+00
4.86309943e-07	8.99206877e-01	1.00000000e+00	1.66666567e-07	0.00000000e+00	0.00000000e+00	0.00000000e+00	0.00000000e+00	0.00000000e+00	3.15637827e-08	4.49603438e-01	1.44172862e-01	2.83667475e-01	0.00000000e+00	0.00000000e+00	0.00000000e+00	-2.33914649e-02	3.18202845e-01	2.33914649e-02	-4.43277619e-04	4.31084493e-03	0.00000000e+00
4.88557816e-07	8.99175465e-01	1.00000000e+00	1.66666567e-07	0.00000000e+00	0.00000000e+00	0.00000000e+00	0.00000000e+00	0.00000000e+00	3.21223794e-08	4.49587733e-01	1.50394931e-01	2.80453116e-01	0.00000000e+00	0.00000000e+00	0.00000000e+00	-1.00295186e-02	3.18233539e-01	1.00295186e-02	-5.48685377e-04	4.33965353e-03	0.00000000e+00
4.90396644e-07	8.99014533e-01	1.00000000e+00	1.66666567e-07	0.00000000e+00	0.00000000e+00	0.00000000e+00	0.00000000e+00	0.00000000e+00	3.25844134e-08	4.49507266e-01	1.57129079e-01	2.77003169e-01	0.00000000e+00	0.00000000e+00	0.00000000e+00	3.59327657e-03	3.18465545e-01	3.59327657e-03	-6.64733117e-04	4.37137065e-03	0.00000000e+00
4.91907599e-07	8.98693144e-01	1.00000000e+00	1.66666567e-07	0.00000000e+00	0.00000000e+00	0.00000000e+00	0.00000000e+00	0.00000000e+00	3.29675380e-08	4.49346572e-01	1.64417222e-01	2.73303121e-01	0.00000000e+00	0.00000000e+00	0.00000000e+00	1.43298609e-02	3.18947674e-01	1.43298609e-02	-7.92698236e-04	4.40634461e-03	0.00000000e+00
4.93155312e-07	8.98174584e-01	1.00000000e+00	1.66666567e-07	0.00000000e+00	0.00000000e+00	0.00000000e+00	0.00000000e+00	0.00000000e+00	3.32862626e-08	4.49087292e-01	1.72311604e-01	2.69334853e-01	0.00000000e+00	0.00000000e+00	0.00000000e+00	1.56662292e-02	3.19738255e-01	1.56662292e-02	-9.34182724e-04	4.44501359e-03	0.00000000e+00
4.94191454e-07	8.97417903e-01	1.00000000e+00	1.66666567e-07	0.00000000e+00	0.00000000e+00	0.00000000e+00	0.00000000e+00	0.00000000e+00	3.35525918e-08	4.48708951e-01	1.80881128e-01	2.65074015e-01	0.00000000e+00	0.00000000e+00	0.00000000e+00	1.06125273e-03	3.20908422e-01	1.06125273e-03	-1.09130330e-03	4.48795594e-03	0.00000000e+00
4.95058487e-07	8.96381080e-01	1.00000000e+00	1.66666567e-07	0.00000000e+00	0.00000000e+00	0.00000000e+00	0.00000000e+00	0.00000000e+00	3.37765620e-08	4.48190540e-01	1.90216631e-01	2.60485232e-01	0.00000000e+00	0.00000000e+00	0.00000000e+00	-2.57564668e-02	3.22544451e-01	2.57564668e-02	-1.26696145e-03	4.53596516e-03	0.00000000e+00
4.95789834e-07	8.94977629e-01	1.00000000e+00	1.66666567e-07	0.00000000e+00	0.00000000e+00	0.00000000e+00	0.00000000e+00	0.00000000e+00	3.39663053e-08	4.47488815e-01	2.00475514e-01	2.55509853e-01	0.00000000e+00	0.00000000e+00	0.00000000e+00	-3.82050089e-02	3.24770252e-01	3.82050089e-02	-1.46526855e-03	4.59016440e-03	0.00000000e+00
4.95559902e-07	8.95464599e-01	1.00000000e+00	1.66666567e-07	0.00000000e+00	0.00000000e+00	0.00000000e+00	0.00000000e+00	0.00000000e+00	3.39066339e-08	4.47732300e-01	1.97164014e-01	2.57083803e-01	0.00000000e+00	0.00000000e+00	0.00000000e+00	-3.63846408e-02	3.23984151e-01	3.63846408e-02	-1.40176760e-03	4.57280874e-03	0.00000000e+00
4.96407154e-07	8.93054783e-01	1.00000000e+00	1.66666567e-07	0.00000000e+00	0.00000000e+00	0.00000000e+00	0.00000000e+00	0.00000000e+00	3.41270656e-08	4.46527392e-01	2.11828291e-01	2.50089377e-01	0.00000000e+00	0.00000000e+00	0.00000000e+00	6.21639615e-03	3.27743683e-01	6.21639615e-03	-1.69088331e-03	4.65182681e-03	0.00000000e+00
4.96924883e-07	8.90617490e-01	1.00000000e+00	1.66666567e-07	0.00000000e+00	0.00000000e+00	0.00000000e+00	0.00000000e+00	0.00000000e+00	3.42622712e-08	4.45308745e-01	2.24119008e-01	2.44250372e-01	0.00000000e+00	0.00000000e+00	0.00000000e+00	9.62748884e-02	3.31492947e-01	9.62748884e-02	-1.94513833e-03	4.72131697e-03	0.00000000e+00
4.97354677e-07	8.87503803e-01	1.00000000e+00	1.66666567e-07	0.00000000e+00	0.00000000e+00	0.00000000e+00	0.00000000e+00	0.00000000e+00	3.43747999e-08	4.43751901e-01	2.37247556e-01	2.38101780e-01	0.00000000e+00	0.00000000e+00	0.00000000e+00	1.59638402e-01	3.36123282e-01	1.59638402e-01	-2.22639716e-03	4.79818741e-03	0.00000000e+00
4.97110307e-07	8.89383912e-01	1.00000000e+00	1.66666567e-07	0.00000000e+00	0.00000000e+00	0.00000000e+00	0.00000000e+00	0.00000000e+00	3.43108084e-08	4.44691956e-01	2.29611352e-01	2.41604626e-01	0.00000000e+00	0.00000000e+00	0.00000000e+00	1.29046396e-01	3.33307918e-01	1.29046396e-01	-2.06358219e-03	4.75368882e-03	0.00000000e+00
4.97709379e-07	8.83768320e-01	1.00000000e+00	1.66666567e-07	0.00000000e+00	0.00000000e+00	0.00000000e+00	0.00000000e+00	0.00000000e+00	3.44678597e-08	4.41884160e-01	2.50893831e-01	2.31810942e-01	0.00000000e+00	0.00000000e+00	0.00000000e+00	1.48219521e-01	3.41590438e-01	1.48219521e-01	-2.53051450e-03	4.88130562e-03	0.00000000e+00
4.97999906e-07	8.79423499e-01	1.00000000e+00	1.66666567e-07	0.00000000e+00	0.00000000e+00	0.00000000e+00	0.00000000e+00	0.00000000e+00	3.45442324e-08	4.39711750e-01	2.64807999e-01	2.25539640e-01	0.00000000e+00	0.00000000e+00	0.00000000e+00	9.93933890e-02	3.47838189e-01	9.93933890e-02	-2.85306713e-03	4.96946182e-03	0.00000000e+00
4.97823692e-07	8.82175744e-01	1.00000000e+00	1.66666567e-07	0.00000000e+00	0.00000000e+00	0.00000000e+00	0.00000000e+00	0.00000000e+00	3.44979014e-08	4.41087872e-01	2.56206244e-01	2.29335025e-01	0.00000000e+00	0.00000000e+00	0.00000000e+00	1.30481838e-01	3.43854901e-01	1.30481838e-01	-2.65443069e-03	4.91517270e-03	0.00000000e+00
4.98239444e-07	8.74546111e-01	1.00000000e+00	1.66666567e-07	0.00000000e+00	0.00000000e+00	0.00000000e+00	0.00000000e+00	0.00000000e+00	3.46072611e-08	4.37273055e-01	2.78825253e-01	2.19339579e-01	0.00000000e+00	0.00000000e+00	0.00000000e+00	6.07879901e-02	3.54758189e-01	6.07879901e-02	-3.19255958e-03	5.06224809e-03	0.00000000e+00
4.98437771e-07	8.69112670e-01	1.00000000e+00	1.66666567e-07	0.00000000e+00	0.00000000e+00	0.00000000e+00	0.00000000e+00	0.00000000e+00	3.46595357e-08	4.34556335e-01	2.92872131e-01	2.13266909e-01	0.00000000e+00	0.00000000e+00	0.00000000e+00	4.14803921e-02	3.62293886e-01	4.14803921e-02	-3.54706752e-03	5.15913870e-03	0.00000000e+00
4.98303507e-07	8.72893155e-01	1.00000000e+00	1.66666567e-07	0.00000000e+00	0.00000000e+00	0.00000000e+00	0.00000000e+00	0.00000000e+00	3.46241507e-08	4.36446577e-01	2.83240706e-01	2.17360467e-01	0.00000000e+00	0.00000000e+00	0.00000000e+00	5.34519353e-02	3.57030629e-01	5.34519353e-02	-3.30474228e-03	5.09290863e-03	0.00000000e+00
4.98604606e-07	8.63197029e-01	1.00000000e+00	1.66666567e-07	0.00000000e+00	0.00000000e+00	0.00000000e+00	0.00000000e+00	0.00000000e+00	3.47035289e-08	4.31598514e-01	3.06902349e-01	2.07301617e-01	0.00000000e+00	0.00000000e+00	0.00000000e+00	3.16466392e-02	3.70355251e-01	3.16466392e-02	-3.91787337e-03	5.26048336e-03	0.00000000e+00
4.98745806e-07	8.56769502e-01	1.00000000e+00	1.66666567e-07	0.00000000e+00	0.00000000e+00	0.00000000e+00	0.00000000e+00	0.00000000e+00	3.47408147e-08	4.28384751e-01	3.20903420e-01	2.01471061e-01	0.00000000e+00	0.00000000e+00	0.00000000e+00	2.56357492e-02	3.78905784e-01	2.56357492e-02	-4.30435874e-03	5.36611304e-03	0.00000000e+00
4.98661166e-07	8.60725701e-01	1.00000000e+00	1.66666567e-07	0.00000000e+00	0.00000000e+00	0.00000000e+00	0.00000000e+00	0.00000000e+00	3.47184681e-08	4.30362850e-01	3.12401652e-01	2.04940557e-01	0.00000000e+00	0.00000000e+00	0.00000000e+00	2.90524432e-02	3.73624711e-01	2.90524432e-02	-4.07056976e-03	5.30221639e-03	0.00000000e+00
4.98866825e-07	8.49867940e-01	1.00000000e+00	1.66666567e-07	0.00000000e+00	0.00000000e+00	0.00000000e+00	0.00000000e+00	0.00000000e+00	3.47727749e-08	4.24933970e-01	3.34861130e-01	1.95763424e-01	0.00000000e+00	0.00000000e+00	0.00000000e+00	2.14726909e-02	3.87885672e-01	2.14726909e-02	-4.70786588e-03	5.47639513e-03	0.00000000e+00
4.98971531e-07	8.42517436e-01	1.00000000e+00	1.66666567e-07	0.00000000e+00	0.00000000e+00	0.00000000e+00	0.00000000e+00	0.00000000e+00	3.48004505e-08	4.21258718e-01	3.48764509e-01	1.90172836e-01	0.00000000e+00	0.00000000e+00	0.00000000e+00	1.83677613e-02	3.97243490e-01	1.83677613e-02	-5.12952916e-03	5.59163978e-03	0.00000000e+00
4.98939983e-07	8.44814479e-01	1.00000000e+00	1.66666567e-07	0.00000000e+00	0.00000000e+00	0.00000000e+00	0.00000000e+00	0.00000000e+00	3.47921087e-08	4.22407240e-01	3.44496429e-01	1.91832304e-01	0.00000000e+00	0.00000000e+00	0.00000000e+00	1.92640691e-02	3.94306255e-01	1.92640691e-02	-5.00093075e-03	5.55649260e-03	0.00000000e+00
4.99062537e-07	8.34676623e-01	1.00000000e+00	1.66666567e-07	0.00000000e+00	0.00000000e+00	0.00000000e+00	0.00000000e+00	0.00000000e+00	3.48245131e-08	4.17338312e-01	3.62617910e-01	1.84724212e-01	0.00000000e+00	0.00000000e+00	0.00000000e+00	1.59199170e-02	4.06957962e-01	1.59199170e-02	-5.56863798e-03	5.71165187e-03	0.00000000e+00
4.99142686e-07	8.26444209e-01	1.00000000e+00	1.66666567e-07	0.00000000e+00	0.00000000e+00	0.00000000e+00	0.00000000e+00	0.00000000e+00	3.48457156e-08	4.13222104e-01	3.76395047e-01	1.79380625e-01	0.00000000e+00	0.00000000e+00	0.00000000e+00	1.38336917e-02	4.16954002e-01	1.38336917e-02	-6.02857629e-03	5.83735714e-03	0.00000000e+00
4.99213343e-07	8.17750156e-01	1.00000000e+00	1.66666567e-07	0.00000000e+00	0.00000000e+00	0.00000000e+00	0.00000000e+00	0.00000000e+00	3.48644100e-08	4.08875078e-01	3.90108317e-01	1.74176559e-01	0.00000000e+00	0.00000000e+00	0.00000000e+00	1.20115545e-02	4.27225904e-01	1.20115545e-02	-6.50763186e-03	5.96828712e-03	0.00000000e+00
4.99162127e-07	8.24117005e-01	1.00000000e+00	1.66666567e-07	0.00000000e+00	0.00000000e+00	0.00000000e+00	0.00000000e+00	0.00000000e+00	3.48508635e-08	4.12058502e-01	3.80114973e-01	1.77922264e-01	0.00000000e+00	0.00000000e+00	0.00000000e+00	1.33267029e-02	4.19694799e-01	1.33267029e-02	-6.15939964e-03	5.87311247e-03	0.00000000e+00
4.99276098e-07	8.08658361e-01	1.00000000e+00	1.66666567e-07	0.00000000e+00	0.00000000e+00	0.00000000e+00	0.00000000e+00	0.00000000e+00	3.48810438e-08	4.04329181e-01	4.03738350e-01	1.69093072e-01	0.00000000e+00	0.00000000e+00	0.00000000e+00	1.04594300e-02	4.37718085e-01	1.04594300e-02	-7.00824428e-03	6.10510912e-03	0.00000000e+00
4.99332316e-07	7.99211860e-01	1.00000000e+00	1.66666567e-07	0.00000000e+00	0.00000000e+00	0.00000000e+00	0.00000000e+00	0.00000000e+00	3.48959297e-08	3.99605930e-01	4.17269021e-01	1.64121434e-01	0.00000000e+00	0.00000000e+00	0.00000000e+00	9.11163879e-03	4.48385193e-01	9.11163879e-03	-7.53233954e-03	6.24834932e-03	0.00000000e+00
4.99382679e-07	7.89350569e-01	1.00000000e+00	1.66666567e-07	0.00000000e+00	0.00000000e+00	0.00000000e+00	0.00000000e+00	0.00000000e+00	3.49092666e-08	3.94675285e-01	4.30714786e-01	1.59286693e-01	0.00000000e+00	0.00000000e+00	0.00000000e+00	7.92900416e-03	4.59224866e-01	7.92900416e-03	-8.07814673e-03	6.39752345e-03	0.00000000e+00
4.99342548e-07	7.97254562e-01	1.00000000e+00	1.66666567e-07	0.00000000e+00	0.00000000e+00	0.00000000e+00	0.00000000e+00	0.00000000e+00	3.48986404e-08	3.98627281e-01	4.19965416e-01	1.63119316e-01	0.00000000e+00	0.00000000e+00	0.00000000e+00	8.87015750e-03	4.50531755e-01	8.87015750e-03	-7.64255319e-03	6.27847156e-03	0.00000000e+00
4.99428097e-07	7.79147685e-01	1.00000000e+00	1.66666567e-07	0.00000000e+00	0.00000000e+00	0.00000000e+00	0.00000000e+00	0.00000000e+00	3.49212961e-08	3.89573842e-01	4.44051832e-01	1.54570639e-01	0.00000000e+00	0.00000000e+00	0.00000000e+00	6.90082175e-03	4.70185189e-01	6.90082175e-03	-8.64865724e-03	6.55344874e-03	0.00000000e+00
4.99469195e-07	7.68637955e-01	1.00000000e+00	1.66666567e-07	0.00000000e+00	0.00000000e+00	0.00000000e+00	0.00000000e+00	0.00000000e+00	3.49321994e-08	3.84318978e-01	4.57266718e-01	1.49968699e-01	0.00000000e+00	0.00000000e+00	0.00000000e+00	6.02576345e-03	4.81231194e-01	6.02576345e-03	-9.24563780e-03	6.71660900e-03	0.00000000e+00
4.99506598e-07	7.57805765e-01	1.00000000e+00	1.66666567e-07	0.00000000e+00	0.00000000e+00	0.00000000e+00	0.00000000e+00	0.00000000e+00	3.49421008e-08	3.78902882e-01	4.70363557e-01	1.45489126e-01	0.00000000e+00	0.00000000e+00	0.00000000e+00	5.27633598e-03	4.92350446e-01	5.27633598e-03	-9.86887142e-03	6.88694417e-03	0.00000000e+00
4.99491136e-07	7.62334466e-01	1.00000000e+00	1.66666567e-07	0.00000000e+00	0.00000000e+00	0.00000000e+00	0.00000000e+00	0.00000000e+00	3.49380116e-08	3.81167233e-01	4.64916766e-01	1.47311002e-01	0.00000000e+00	0.00000000e+00	0.00000000e+00	5.58423597e-03	4.87696761e-01	5.58423597e-03	-9.61085968e-03	6.81642769e-03	0.00000000e+00
4.99540590e-07	7.46655166e-01	1.00000000e+00	1.66666567e-07	0.00000000e+00	0.00000000e+00	0.00000000e+00	0.00000000e+00	0.00000000e+00	3.49511282e-08	3.73327583e-01	4.83342379e-01	1.41132936e-01	0.00000000e+00	0.00000000e+00	0.00000000e+00	4.59444052e-03	5.03525929e-01	4.59444052e-03	-1.05189718e-02	7.06462283e-03	0.00000000e+00
4.99571740e-07	7.35250473e-01	1.00000000e+00	1.66666567e-07	0.00000000e+00	0.00000000e+00	0.00000000e+00	0.00000000e+00	0.00000000e+00	3.49593847e-08	3.67625237e-01	4.96180743e-01	1.36888742e-01	0.00000000e+00	0.00000000e+00	0.00000000e+00	3.97986303e-03	5.14717260e-01	3.97986303e-03	-1.11990906e-02	7.25050550e-03	0.00000000e+00
4.99600276e-07	7.23609805e-01	1.00000000e+00	1.66666567e-07	0.00000000e+00	0.00000000e+00	0.00000000e+00	0.00000000e+00	0.00000000e+00	3.49669556e-08	3.61804903e-01	5.08871913e-01	1.32756397e-01	0.00000000e+00	0.00000000e+00	0.00000000e+00	3.46360688e-03	5.25903874e-01	3.46360688e-03	-1.19104972e-02	7.44493911e-03	0.00000000e+00
4.99626481e-07	7.11727202e-01	1.00000000e+00	1.66666567e-07	0.00000000e+00	0.00000000e+00	0.00000000e+00	0.00000000e+00	0.00000000e+00	3.49739047e-08	3.55863601e-01	5.21419108e-01	1.28739551e-01	0.00000000e+00	0.00000000e+00	0.00000000e+00	3.02155777e-03	5.37077050e-01	3.02155777e-03	-1.26532242e-02	7.64793344e-03	0.00000000e+00
4.99615908e-07	7.16575325e-01	1.00000000e+00	1.66666567e-07	0.00000000e+00	0.00000000e+00	0.00000000e+00	0.00000000e+00	0.00000000e+00	3.49710945e-08	3.58287662e-01	5.16317844e-01	1.30340144e-01	0.00000000e+00	0.00000000e+00	0.00000000e+00	3.19984952e-03	5.32515417e-01	3.19984952e-03	-1.23524861e-02	7.56573863e-03	0.00000000e+00
4.99650525e-07	6.99611723e-01	1.00000000e+00	1.66666567e-07	0.00000000e+00	0.00000000e+00	0.00000000e+00	0.00000000e+00	0.00000000e+00	3.49802960e-08	3.49805862e-01	5.33820748e-01	1.24838069e-01	0.00000000e+00	0.00000000e+00	0.00000000e+00	2.60414630e-03	5.48223618e-01	2.60414630e-03	-1.34279532e-02	7.85967335e-03	0.00000000e+00
4.99672751e-07	6.87319815e-01	1.00000000e+00	1.66666567e-07	0.00000000e+00	0.00000000e+00	0.00000000e+00	0.00000000e+00	0.00000000e+00	3.49861899e-08	3.43659908e-01	5.46057701e-01	1.21044099e-01	0.00000000e+00	0.00000000e+00	0.00000000e+00	2.24852126e-03	5.59312692e-01	2.24852126e-03	-1.42380204e-02	8.08107201e-03	0.00000000e+00
4.99693272e-07	6.74870253e-01	1.00000000e+00	1.66666567e-07	0.00000000e+00	0.00000000e+00	0.00000000e+00	0.00000000e+00	0.00000000e+00	3.49916363e-08	3.37435126e-01	5.58125019e-01	1.17356241e-01	0.00000000e+00	0.00000000e+00	0.00000000e+00	1.95496299e-03	5.70329750e-01	1.95496299e-03	-1.50849307e-02	8.31254013e-03	0.00000000e+00
4.99712314e-07	6.62281811e-01	1.00000000e+00	1.66666567e-07	0.00000000e+00	0.00000000e+00	0.00000000e+00	0.00000000e+00	0.00000000e+00	3.49966847e-08	3.31140906e-01	5.70018351e-01	1.13772914e-01	0.00000000e+00	0.00000000e+00	0.00000000e+00	1.70362318e-03	5.81261728e-01	1.70362318e-03	-1.59702599e-02	8.55450798e-03	0.00000000e+00
4.99729936e-07	6.49551153e-01	1.00000000e+00	1.66666567e-07	0.00000000e+00	0.00000000e+00	0.00000000e+00	0.00000000e+00	0.00000000e+00	3.50013600e-08	3.24775577e-01	5.81742585e-01	1.10294588e-01	0.00000000e+00	0.00000000e+00	0.00000000e+00	1.47978252e-03	5.92105844e-01	1.47978252e-03	-1.68941952e-02	8.80702864e-03	0.00000000e+00
4.99721523e-07	6.55662477e-01	1.00000000e+00	1.66666567e-07	0.00000000e+00	0.00000000e+00	0.00000000e+00	0.00000000e+00	0.00000000e+00	3.49991289e-08	3.27831239e-01	5.76124966e-01	1.11936286e-01	0.00000000e+00	0.00000000e+00	0.00000000e+00	1.58773011e-03	5.86898380e-01	1.58773011e-03	-1.64528172e-02	8.68639629e-03	0.00000000e+00
4.99746307e-07	6.36696458e-01	1.00000000e+00	1.66666567e-07	0.00000000e+00	0.00000000e+00	0.00000000e+00	0.00000000e+00	0.00000000e+00	3.50056979e-08	3.18348229e-01	5.93294621e-01	1.06918730e-01	0.00000000e+00	0.00000000e+00	0.00000000e+00	1.27030202e-03	6.02851658e-01	1.27030202e-03	-1.78582314e-02	9.07050725e-03	0.00000000e+00
4.99761484e-07	6.23760283e-01	1.00000000e+00	1.66666567e-07	0.00000000e+00	0.00000000e+00	0.00000000e+00	0.00000000e+00	0.00000000e+00	3.50097338e-08	3.11880141e-01	6.04661465e-01	1.03640579e-01	0.00000000e+00	0.00000000e+00	0.00000000e+00	1.08541347e-03	6.13479304e-01	1.08541347e-03	-1.88657586e-02	9.34587419e-03	0.00000000e+00
4.99775638e-07	6.10760152e-01	1.00000000e+00	1.66666567e-07	0.00000000e+00	0.00000000e+00	0.00000000e+00	0.00000000e+00	0.00000000e+00	3.50134961e-08	3.05380076e-01	6.15840316e-01	1.00457974e-01	0.00000000e+00	0.00000000e+00	0.00000000e+00	9.27229651e-04	6.23980047e-01	9.27229651e-04	-1.99186616e-02	9.63364169e-03	0.00000000e+00
4.99788825e-07	5.97712934e-01	1.00000000e+00	1.66666567e-07	0.00000000e+00	0.00000000e+00	0.00000000e+00	0.00000000e+00	0.00000000e+00	3.50170026e-08	2.98856467e-01	6.26828849e-01	9.73686650e-02	0.00000000e+00	0.00000000e+00	0.00000000e+00	7.92403750e-04	6.34346170e-01	7.92403750e-04	-2.10189056e-02	9.93434899e-03	0.00000000e+00
4.99801160e-07	5.84635258e-01	1.00000000e+00	1.66666567e-07	0.00000000e+00	0.00000000e+00	0.00000000e+00	0.00000000e+00	0.00000000e+00	3.50202782e-08	2.92317629e-01	6.37625277e-01	9.43703055e-02	0.00000000e+00	0.00000000e+00	0.00000000e+00	6.83518109e-04	6.44570980e-01	6.83518109e-04	-2.21685581e-02	1.02485595e-02	0.00000000e+00
4.99812700e-07	5.71542203e-01	1.00000000e+00	1.66666567e-07	0.00000000e+00	0.00000000e+00	0.00000000e+00	0.00000000e+00	0.00000000e+00	3.50233407e-08	2.85771102e-01	6.48228228e-01	9.14605632e-02	0.00000000e+00	0.00000000e+00	0.00000000e+00	5.86844469e-04	6.54648662e-01	5.86844469e-04	-2.33697053e-02	1.05768433e-02	0.00000000e+00
4.99812415e-07	5.71882546e-01	1.00000000e+00	1.66666567e-07	0.00000000e+00	0.00000000e+00	0.00000000e+00	0.00000000e+00	0.00000000e+00	3.50232625e-08	2.85941273e-01	6.47953153e-01	9.15343836e-02	0.00000000e+00	0.00000000e+00	0.00000000e+00	5.89297007e-04	6.54386607e-01	5.89297007e-04	-2.33386755e-02	1.05683636e-02	0.00000000e+00
4.99823500e-07	5.58421016e-01	1.00000000e+00	1.66666567e-07	0.00000000e+00	0.00000000e+00	0.00000000e+00	0.00000000e+00	0.00000000e+00	3.50262042e-08	2.79210508e-01	6.58649087e-01	8.86380523e-02	0.00000000e+00	0.00000000e+00	0.00000000e+00	4.96696588e-04	6.64586581e-01	4.96696588e-04	-2.46218499e-02	1.09190652e-02	0.00000000e+00
4.99833618e-07	5.45317829e-01	1.00000000e+00	1.66666567e-07	0.00000000e+00	0.00000000e+00	0.00000000e+00	0.00000000e+00	0.00000000e+00	3.50288900e-08	2.72658914e-01	6.68873250e-01	8.58988389e-02	0.00000000e+00	0.00000000e+00	0.00000000e+00	4.13455705e-04	6.74366396e-01	4.13455705e-04	-2.59301122e-02	1.12766260e-02	0.00000000e+00
4.99843111e-07	5.32246768e-01	1.00000000e+00	1.66666567e-07	0.00000000e+00	0.00000000e+00	0.00000000e+00	0.00000000e+00	0.00000000e+00	3.50314053e-08	2.66123384e-01	6.78900301e-01	8.32405388e-02	0.00000000e+00	0.00000000e+00	0.00000000e+00	3.45558327e-04	6.83984361e-01	3.45558327e-04	-2.72969715e-02	1.16502000e-02	0.00000000e+00
4.99851978e-07	5.19221425e-01	1.00000000e+00	1.66666567e-07	0.00000000e+00	0.00000000e+00	0.00000000e+00	0.00000000e+00	0.00000000e+00	3.50337679e-08	2.59610713e-01	6.88729763e-01	8.06607455e-02	0.00000000e+00	0.00000000e+00	0.00000000e+00	2.94831475e-04	6.93436978e-01	2.94831475e-04	-2.87250280e-02	1.20405015e-02	0.00000000e+00
4.99860334e-07	5.06254792e-01	1.00000000e+00	1.66666567e-07	0.00000000e+00	0.00000000e+00	0.00000000e+00	0.00000000e+00	0.00000000e+00	3.50359919e-08	2.53127396e-01	6.98361814e-01	7.81570747e-02	0.00000000e+00	0.00000000e+00	0.00000000e+00	2.43337219e-04	7.02721674e-01	2.43337219e-04	-3.02170087e-02	1.24482727e-02	0.00000000e+00
4.99868236e-07	4.93359178e-01	1.00000000e+00	1.66666567e-07	0.00000000e+00	0.00000000e+00	0.00000000e+00	0.00000000e+00	0.00000000e+00	3.50380844e-08	2.46679589e-01	7.07796514e-01	7.57271945e-02	0.00000000e+00	0.00000000e+00	0.00000000e+00	1.93164275e-04	7.11836016e-01	1.93164275e-04	-3.17757688e-02	1.28742969e-02	0.00000000e+00
4.99875625e-07	4.80546206e-01	1.00000000e+00	1.66666567e-07	0.00000000e+00	0.00000000e+00	0.00000000e+00	0.00000000e+00	0.00000000e+00	3.50400491e-08	2.40273103e-01	7.17034400e-01	7.33687356e-02	0.00000000e+00	0.00000000e+00	0.00000000e+00	1.59049905e-04	7.20778261e-01	1.59049905e-04	-3.34043093e-02	1.33193918e-02	0.00000000e+00
4.99882617e-07	4.67827052e-01	1.00000000e+00	1.66666567e-07	0.00000000e+00	0.00000000e+00	0.00000000e+00	0.00000000e+00	0.00000000e+00	3.50419036e-08	2.33913526e-01	7.26076126e-01	7.10794330e-02	0.00000000e+00	0.00000000e+00	0.00000000e+00	1.37944580e-04	7.29547001e-01	1.37944580e-04	-3.51057686e-02	1.37844151e-02	0.00000000e+00
4.99889211e-07	4.55212176e-01	1.00000000e+00	1.66666567e-07	0.00000000e+00	0.00000000e+00	0.00000000e+00	0.00000000e+00	0.00000000e+00	3.50436515e-08	2.27606088e-01	7.34922528e-01	6.88570365e-02	0.00000000e+00	0.00000000e+00	0.00000000e+00	1.20697856e-04	7.38141188e-01	1.20697856e-04	-3.68834548e-02	1.42702730e-02	0.00000000e+00
4.99895407e-07	4.42705214e-01	1.00000000e+00	1.66666567e-07	0.00000000e+00	0.00000000e+00	0.00000000e+00	0.00000000e+00	0.00000000e+00	3.50453035e-08	2.21352607e-01	7.43577480e-01	6.66992366e-02	0.00000000e+00	0.00000000e+00	0.00000000e+00	9.18319393e-05	7.46562963e-01	9.18319393e-05	-3.87398191e-02	1.47776352e-02	0.00000000e+00
4.99892906e-07	4.47742313e-01	1.00000000e+00	1.66666567e-07	0.00000000e+00	0.00000000e+00	0.00000000e+00	0.00000000e+00	0.00000000e+00	3.50446392e-08	2.23871157e-01	7.40093350e-01	6.75601065e-02	0.00000000e+00	0.00000000e+00	0.00000000e+00	1.03464711e-04	7.43170596e-01	1.03464711e-04	-3.79937477e-02	1.45737268e-02	0.00000000e+00
4.99901262e-07	4.30313289e-01	1.00000000e+00	1.66666567e-07	0.00000000e+00	0.00000000e+00	0.00000000e+00	0.00000000e+00	0.00000000e+00	3.50468596e-08	2.15156645e-01	7.52043366e-01	6.46037385e-02	0.00000000e+00	0.00000000e+00	0.00000000e+00	5.59959251e-05	7.54813135e-01	5.59959251e-05	-4.06779759e-02	1.53073501e-02	0.00000000e+00
4.99906776e-07	4.18054909e-01	1.00000000e+00	1.66666567e-07	0.00000000e+00	0.00000000e+00	0.00000000e+00	0.00000000e+00	0.00000000e+00	3.50483340e-08	2.09027454e-01	7.60316968e-01	6.25686795e-02	0.00000000e+00	0.00000000e+00	0.00000000e+00	3.92964312e-05	7.62887103e-01	3.92964312e-05	-4.27032113e-02	1.58608668e-02	0.00000000e+00
4.99912062e-07	4.05938089e-01	1.00000000e+00	1.66666567e-07	0.00000000e+00	0.00000000e+00	0.00000000e+00	0.00000000e+00	0.00000000e+00	3.50497267e-08	2.02969044e-01	7.68399715e-01	6.05920404e-02	0.00000000e+00	0.00000000e+00	0.00000000e+00	3.17756648e-05	7.70785001e-01	3.17756648e-05	-4.48195338e-02	1.64392740e-02	0.00000000e+00
4.99917007e-07	3.93970370e-01	1.00000000e+00	1.66666567e-07	0.00000000e+00	0.00000000e+00	0.00000000e+00	0.00000000e+00	0.00000000e+00	3.50510447e-08	1.96985185e-01	7.76293397e-01	5.86718693e-02	0.00000000e+00	0.00000000e+00	0.00000000e+00	2.18662176e-05	7.78507435e-01	2.18662176e-05	-4.70311418e-02	1.70437284e-02	0.00000000e+00
4.99921669e-07	3.82158756e-01	1.00000000e+00	1.66666567e-07	0.00000000e+00	0.00000000e+00	0.00000000e+00	0.00000000e+00	0.00000000e+00	3.50522917e-08	1.91079378e-01	7.83999681e-01	5.68062961e-02	0.00000000e+00	0.00000000e+00	0.00000000e+00	1.21297814e-05	7.86054995e-01	1.21297814e-05	-4.93424572e-02	1.76754314e-02	0.00000000e+00
4.99926159e-07	3.70509714e-01	1.00000000e+00	1.66666567e-07	0.00000000e+00	0.00000000e+00	0.00000000e+00	0.00000000e+00	0.00000000e+00	3.50534712e-08	1.85254857e-01	7.91520417e-01	5.49934842e-02	0.00000000e+00	0.00000000e+00	0.00000000e+00	2.95993915e-06	7.93428543e-01	2.95993915e-06	-5.17581254e-02	1.83356535e-02	0.00000000e+00
4.99930366e-07	3.59029233e-01	1.00000000e+00	1.66666567e-07	0.00000000e+00	0.00000000e+00	0.00000000e+00	0.00000000e+00	0.00000000e+00	3.50545903e-08	1.79514617e-01	7.98857510e-01	5.32316938e-02	0.00000000e+00	0.00000000e+00	0.00000000e+00	-3.36354710e-06	8.00629087e-01	3.36354710e-06	-5.42830117e-02	1.90257281e-02	0.00000000e+00
4.99934345e-07	3.47722799e-01	1.00000000e+00	1.66666567e-07	0.00000000e+00	0.00000000e+00	0.00000000e+00	0.00000000e+00	0.00000000e+00	3.50556526e-08	1.73861399e-01	8.06013048e-01	5.15192263e-02	0.00000000e+00	0.00000000e+00	0.00000000e+00	-8.93699417e-06	8.07657888e-01	8.93699417e-06	-5.69222458e-02	1.97470561e-02	0.00000000e+00
4.99938153e-07	3.36595416e-01	1.00000000e+00	1.66666567e-07	0.00000000e+00	0.00000000e+00	0.00000000e+00	0.00000000e+00	0.00000000e+00	3.50566616e-08	1.68297708e-01	8.12989056e-01	4.98544537e-02	0.00000000e+00	0.00000000e+00	0.00000000e+00	-1.26217271e-05	8.14516220e-01	1.26217271e-05	-5.96812181e-02	2.05011070e-02	0.00000000e+00
4.99941734e-07	3.25651735e-01	1.00000000e+00	1.66666567e-07	0.00000000e+00	0.00000000e+00	0.00000000e+00	0.00000000e+00	0.00000000e+00	3.50576137e-08	1.62825868e-01	8.19787741e-01	4.82358001e-02	0.00000000e+00	0.00000000e+00	0.00000000e+00	-1.68101677e-05	8.21205597e-01	1.68101677e-05	-6.25655800e-02	2.12894306e-02	0.00000000e+00
4.99945145e-07	3.14895868e-01	1.00000000e+00	1.66666567e-07	0.00000000e+00	0.00000000e+00	0.00000000e+00	0.00000000e+00	0.00000000e+00	3.50585232e-08	1.57447934e-01	8.26411188e-01	4.66617681e-02	0.00000000e+00	0.00000000e+00	0.00000000e+00	-2.42320236e-05	8.27727474e-01	2.42320236e-05	-6.55813143e-02	2.21136566e-02	0.00000000e+00
4.99948385e-07	3.04331601e-01	1.00000000e+00	1.66666567e-07	0.00000000e+00	0.00000000e+00	0.00000000e+00	0.00000000e+00	0.00000000e+00	3.50593830e-08	1.52165800e-01	8.32861781e-01	4.51309159e-02	0.00000000e+00	0.00000000e+00	0.00000000e+00	-2.83281365e-05	8.34083656e-01	2.83281365e-05	-6.87346533e-02	2.29754932e-02	0.00000000e+00
4.99951454e-07	2.93962210e-01	1.00000000e+00	1.66666567e-07	0.00000000e+00	0.00000000e+00	0.00000000e+00	0.00000000e+00	0.00000000e+00	3.50602036e-08	1.46981105e-01	8.39141726e-01	4.36418504e-02	0.00000000e+00	0.00000000e+00	0.00000000e+00	-3.19207377e-05	8.40275817e-01	3.19207377e-05	-7.20322132e-02	2.38767434e-02	0.00000000e+00
4.99954410e-07	2.83790737e-01	1.00000000e+00	1.66666567e-07	0.00000000e+00	0.00000000e+00	0.00000000e+00	0.00000000e+00	0.00000000e+00	3.50609817e-08	1.41895369e-01	8.45253348e-01	4.21932638e-02	0.00000000e+00	0.00000000e+00	0.00000000e+00	-3.44233698e-05	8.46305792e-01	3.44233698e-05	-7.54809231e-02	2.48193070e-02	0.00000000e+00
4.99957139e-07	2.73819774e-01	1.00000000e+00	1.66666567e-07	0.00000000e+00	0.00000000e+00	0.00000000e+00	0.00000000e+00	0.00000000e+00	3.50617171e-08	1.36909887e-01	8.51199090e-01	4.07838747e-02	0.00000000e+00	0.00000000e+00	0.00000000e+00	-3.06952582e-05	8.52175578e-01	3.06952582e-05	-7.90880769e-02	2.58051772e-02	0.00000000e+00
4.99959810e-07	2.64051586e-01	1.00000000e+00	1.66666567e-07	0.00000000e+00	0.00000000e+00	0.00000000e+00	0.00000000e+00	0.00000000e+00	3.50624205e-08	1.32025793e-01	8.56981218e-01	3.94124724e-02	0.00000000e+00	0.00000000e+00	0.00000000e+00	-2.66538746e-05	8.57887027e-01	2.66538746e-05	-8.28613788e-02	2.68364530e-02	0.00000000e+00
4.99962312e-07	2.54488081e-01	1.00000000e+00	1.66666567e-07	0.00000000e+00	0.00000000e+00	0.00000000e+00	0.00000000e+00	0.00000000e+00	3.50630884e-08	1.27244040e-01	8.62602115e-01	3.80779058e-02	0.00000000e+00	0.00000000e+00	0.00000000e+00	-2.68215805e-05	8.63442143e-01	2.68215805e-05	-8.68088976e-02	2.79153474e-02	0.00000000e+00
4.99964756e-07	2.45130852e-01	1.00000000e+00	1.66666567e-07	0.00000000e+00	0.00000000e+00	0.00000000e+00	0.00000000e+00	0.00000000e+00	3.50637208e-08	1.22565426e-01	8.68064344e-01	3.67790647e-02	0.00000000e+00	0.00000000e+00	0.00000000e+00	-2.80897020e-05	8.68843142e-01	2.80897020e-05	-9.09391865e-02	2.90441904e-02	0.00000000e+00
4.99966973e-07	2.35981256e-01	1.00000000e+00	1.66666567e-07	0.00000000e+00	0.00000000e+00	0.00000000e+00	0.00000000e+00	0.00000000e+00	3.50643248e-08	1.17990628e-01	8.73370290e-01	3.55149023e-02	0.00000000e+00	0.00000000e+00	0.00000000e+00	-2.82700834e-05	8.74092084e-01	2.82700834e-05	-9.52612162e-02	3.02254409e-02	0.00000000e+00
4.99969133e-07	2.27040261e-01	1.00000000e+00	1.66666567e-07	0.00000000e+00	0.00000000e+00	0.00000000e+00	0.00000000e+00	0.00000000e+00	3.50648968e-08	1.13520131e-01	8.78522277e-01	3.42844129e-02	0.00000000e+00	0.00000000e+00	0.00000000e+00	-2.97644394e-05	8.79190999e-01	2.97644394e-05	-9.97844487e-02	3.14616822e-02	0.00000000e+00
4.99971179e-07	2.18308643e-01	1.00000000e+00	1.66666567e-07	0.00000000e+00	0.00000000e+00	0.00000000e+00	0.00000000e+00	0.00000000e+00	3.50654403e-08	1.09154321e-01	8.83522928e-01	3.30866352e-02	0.00000000e+00	0.00000000e+00	0.00000000e+00	-2.90931321e-05	8.84142234e-01	2.90931321e-05	-1.04518868e-01	3.27556394e-02	0.00000000e+00
4.99973169e-07	2.09786817e-01	1.00000000e+00	1.66666567e-07	0.00000000e+00	0.00000000e+00	0.00000000e+00	0.00000000e+00	0.00000000e+00	3.50659590e-08	1.04893409e-01	8.88374567e-01	3.19206640e-02	0.00000000e+00	0.00000000e+00	0.00000000e+00	-2.75248121e-05	8.88947861e-01	2.75248121e-05	-1.09474979e-01	3.41101922e-02	0.00000000e+00
4.99974988e-07	2.01475054e-01	1.00000000e+00	1.66666567e-07	0.00000000e+00	0.00000000e+00	0.00000000e+00	0.00000000e+00	0.00000000e+00	3.50664493e-08	1.00737527e-01	8.93079698e-01	3.07856295e-02	0.00000000e+00	0.00000000e+00	0.00000000e+00	-2.90289117e-05	8.93610151e-01	2.90289117e-05	-1.14663891e-01	3.55283655e-02	0.00000000e+00
4.99976750e-07	1.93373278e-01	1.00000000e+00	1.66666567e-07	0.00000000e+00	0.00000000e+00	0.00000000e+00	0.00000000e+00	0.00000000e+00	3.50669183e-08	9.66866389e-02	8.97640824e-01	2.96807177e-02	0.00000000e+00	0.00000000e+00	0.00000000e+00	-2.87841465e-05	8.98131390e-01	2.87841465e-05	-1.20097302e-01	3.70133668e-02	0.00000000e+00
4.99978398e-07	1.85481265e-01	1.00000000e+00	1.66666567e-07	0.00000000e+00	0.00000000e+00	0.00000000e+00	0.00000000e+00	0.00000000e+00	3.50673623e-08	9.27406326e-02	9.02060330e-01	2.86051314e-02	0.00000000e+00	0.00000000e+00	0.00000000e+00	-2.57767139e-05	9.02513763e-01	2.57767139e-05	-1.25787541e-01	3.85685600e-02	0.00000000e+00
4.99979990e-07	1.77798510e-01	1.00000000e+00	1.66666567e-07	0.00000000e+00	0.00000000e+00	0.00000000e+00	0.00000000e+00	0.00000000e+00	3.50677851e-08	8.88992548e-02	9.06340778e-01	2.75581386e-02	0.00000000e+00	0.00000000e+00	0.00000000e+00	-2.12486259e-05	9.06759647e-01	2.12486259e-05	-1.31747648e-01	4.01975103e-02	0.00000000e+00
4.99981525e-07	1.70324311e-01	1.00000000e+00	1.66666567e-07	0.00000000e+00	0.00000000e+00	0.00000000e+00	0.00000000e+00	0.00000000e+00	3.50681866e-08	8.51621553e-02	9.10484552e-01	2.65390314e-02	0.00000000e+00	0.00000000e+00	0.00000000e+00	-1.95333743e-05	9.10871253e-01	1.95333743e-05	-1.37991369e-01	4.19039726e-02	0.00000000e+00
4.99982946e-07	1.63057789e-01	1.00000000e+00	1.66666567e-07	0.00000000e+00	0.00000000e+00	0.00000000e+00	0.00000000e+00	0.00000000e+00	3.50685667e-08	8.15288946e-02	9.14494216e-01	2.55471375e-02	0.00000000e+00	0.00000000e+00	0.00000000e+00	-2.02373282e-05	9.14850987e-01	2.02373282e-05	-1.44533217e-01	4.36919220e-02	0.00000000e+00
4.99984310e-07	1.55997813e-01	1.00000000e+00	1.66666567e-07	0.00000000e+00	0.00000000e+00	0.00000000e+00	0.00000000e+00	0.00000000e+00	3.50689255e-08	7.79989064e-02	9.18372095e-01	2.45818198e-02	0.00000000e+00	0.00000000e+00	0.00000000e+00	-1.89896238e-05	9.18701023e-01	1.89896238e-05	-1.51388541e-01	4.55655418e-02	0.00000000e+00
4.99985561e-07	1.49143144e-01	1.00000000e+00	1.66666567e-07	0.00000000e+00	0.00000000e+00	0.00000000e+00	0.00000000e+00	0.00000000e+00	3.50692666e-08	7.45715722e-02	9.22120750e-01	2.36424766e-02	0.00000000e+00	0.00000000e+00	0.00000000e+00	-1.93355313e-05	9.22423788e-01	1.93355313e-05	-1.58573523e-01	4.75292616e-02	0.00000000e+00
4.99986811e-07	1.42492265e-01	1.00000000e+00	1.66666567e-07	0.00000000e+00	0.00000000e+00	0.00000000e+00	0.00000000e+00	0.00000000e+00	3.50695899e-08	7.12461323e-02	9.25742507e-01	2.27285344e-02	0.00000000e+00	0.00000000e+00	0.00000000e+00	-1.87194115e-05	9.26021477e-01	1.87194115e-05	-1.66105300e-01	4.95877638e-02	0.00000000e+00
4.99987948e-07	1.36043608e-01	1.00000000e+00	1.66666567e-07	0.00000000e+00	0.00000000e+00	0.00000000e+00	0.00000000e+00	0.00000000e+00	3.50698990e-08	6.80218041e-02	9.29239929e-01	2.18394455e-02	0.00000000e+00	0.00000000e+00	0.00000000e+00	-1.58219154e-05	9.29496534e-01	1.58219154e-05	-1.74001932e-01	5.17459847e-02	0.00000000e+00
4.99989028e-07	1.29795328e-01	1.00000000e+00	1.66666567e-07	0.00000000e+00	0.00000000e+00	0.00000000e+00	0.00000000e+00	0.00000000e+00	3.50701868e-08	6.48976639e-02	9.32615519e-01	2.09746994e-02	0.00000000e+00	0.00000000e+00	0.00000000e+00	-1.52360739e-05	9.32851351e-01	1.52360739e-05	-1.82282582e-01	5.40091656e-02	0.00000000e+00
4.99990051e-07	1.23745494e-01	1.00000000e+00	1.66666567e-07	0.00000000e+00	0.00000000e+00	0.00000000e+00	0.00000000e+00	0.00000000e+00	3.50704603e-08	6.18727468e-02	9.35871542e-01	2.01338008e-02	0.00000000e+00	0.00000000e+00	0.00000000e+00	-1.52405361e-05	9.36088090e-01	1.52405361e-05	-1.90967456e-01	5.63828163e-02	0.00000000e+00
4.99991017e-07	1.17891982e-01	1.00000000e+00	1.66666567e-07	0.00000000e+00	0.00000000e+00	0.00000000e+00	0.00000000e+00	0.00000000e+00	3.50707197e-08	5.89459911e-02	9.39010561e-01	1.93162858e-02	0.00000000e+00	0.00000000e+00	0.00000000e+00	-1.23088960e-05	9.39209216e-01	1.23088960e-05	-2.00077966e-01	5.88727966e-02	0.00000000e+00
4.99991984e-07	1.12232558e-01	1.00000000e+00	1.66666567e-07	0.00000000e+00	0.00000000e+00	0.00000000e+00	0.00000000e+00	0.00000000e+00	3.50709612e-08	5.61162792e-02	9.42034960e-01	1.85217094e-02	0.00000000e+00	0.00000000e+00	0.00000000e+00	-1.08798980e-05	9.42217023e-01	1.08798980e-05	-2.09636733e-01	6.14852943e-02	0.00000000e+00
4.99992836e-07	1.06764831e-01	1.00000000e+00	1.66666567e-07	0.00000000e+00	0.00000000e+00	0.00000000e+00	0.00000000e+00	0.00000000e+00	3.50711922e-08	5.33824153e-02	9.44947183e-01	1.77496504e-02	0.00000000e+00	0.00000000e+00	0.00000000e+00	-1.17928123e-05	9.45113871e-01	1.17928123e-05	-2.19667733e-01	6.42268583e-02	0.00000000e+00
4.99993632e-07	1.01486281e-01	1.00000000e+00	1.66666567e-07	0.00000000e+00	0.00000000e+00	0.00000000e+00	0.00000000e+00	0.00000000e+00	3.50714089e-08	5.07431403e-02	9.47749674e-01	1.69997048e-02	0.00000000e+00	0.00000000e+00	0.00000000e+00	-1.20895178e-05	9.47902123e-01	1.20895178e-05	-2.30196312e-01	6.71044141e-02	0.00000000e+00
4.99994428e-07	9.63942558e-02	1.00000000e+00	1.66666567e-07	0.00000000e+00	0.00000000e+00	0.00000000e+00	0.00000000e+00	0.00000000e+00	3.50716114e-08	4.81971279e-02	9.50444818e-01	1.62714906e-02	0.00000000e+00	0.00000000e+00	0.00000000e+00	-1.09135680e-05	9.50584090e-01	1.09135680e-05	-2.41249353e-01	7.01253116e-02	0.00000000e+00
4.99995110e-07	9.14859921e-02	1.00000000e+00	1.66666567e-07	0.00000000e+00	0.00000000e+00	0.00000000e+00	0.00000000e+00	0.00000000e+00	3.50718032e-08	4.57429960e-02	9.53035057e-01	1.55646363e-02	0.00000000e+00	0.00000000e+00	0.00000000e+00	-8.93539483e-06	9.53162146e-01	8.93539483e-06	-2.52855301e-01	7.32973143e-02	0.00000000e+00
4.99995792e-07	8.67586136e-02	1.00000000e+00	1.66666567e-07	0.00000000e+00	0.00000000e+00	0.00000000e+00	0.00000000e+00	0.00000000e+00	3.50719809e-08	4.33793068e-02	9.55522776e-01	1.48787946e-02	0.00000000e+00	0.00000000e+00	0.00000000e+00	-7.06368660e-06	9.55638610e-01	7.06368660e-06	-2.65044302e-01	7.66286775e-02	0.00000000e+00
4.99996418e-07	8.22091252e-02	1.00000000e+00	1.66666567e-07	0.00000000e+00	0.00000000e+00	0.00000000e+00	0.00000000e+00	0.00000000e+00	3.50721479e-08	4.11045626e-02	9.57910419e-01	1.42136235e-02	0.00000000e+00	0.00000000e+00	0.00000000e+00	-6.39174552e-06	9.58015865e-01	6.39174552e-06	-2.77848303e-01	8.01281333e-02	0.00000000e+00
4.99996986e-07	7.78344274e-02	1.00000000e+00	1.66666567e-07	0.00000000e+00	0.00000000e+00	0.00000000e+00	0.00000000e+00	0.00000000e+00	3.50723042e-08	3.89172137e-02	9.60200369e-01	1.35687953e-02	0.00000000e+00	0.00000000e+00	0.00000000e+00	-7.25583142e-06	9.60296236e-01	7.25583142e-06	-2.91301161e-01	8.38049129e-02	0.00000000e+00
4.99997554e-07	7.36313239e-02	1.00000000e+00	1.66666567e-07	0.00000000e+00	0.00000000e+00	0.00000000e+00	0.00000000e+00	0.00000000e+00	3.50724498e-08	3.68156619e-02	9.62395012e-01	1.29439970e-02	0.00000000e+00	0.00000000e+00	0.00000000e+00	-7.13165432e-06	9.62482055e-01	7.13165432e-06	-3.05438787e-01	8.76688510e-02	0.00000000e+00
4.99998066e-07	6.95965290e-02	1.00000000e+00	1.66666567e-07	0.00000000e+00	0.00000000e+00	0.00000000e+00	0.00000000e+00	0.00000000e+00	3.50725813e-08	3.47982645e-02	9.64496851e-01	1.23389205e-02	0.00000000e+00	0.00000000e+00	0.00000000e+00	-5.76601408e-06	9.64575774e-01	5.76601408e-06	-3.20299298e-01	9.17303562e-02	0.00000000e+00
4.99998521e-07	6.57266676e-02	1.00000000e+00	1.66666567e-07	0.00000000e+00	0.00000000e+00	0.00000000e+00	0.00000000e+00	0.00000000e+00	3.50727092e-08	3.28633338e-02	9.66508090e-01	1.17532723e-02	0.00000000e+00	0.00000000e+00	0.00000000e+00	-4.80310564e-06	9.66579551e-01	4.80310564e-06	-3.35923046e-01	9.60004851e-02	0.00000000e+00
4.99998976e-07	6.20182715e-02	1.00000000e+00	1.66666567e-07	0.00000000e+00	0.00000000e+00	0.00000000e+00	0.00000000e+00	0.00000000e+00	3.50728229e-08	3.10091358e-02	9.68431234e-01	1.11867553e-02	0.00000000e+00	0.00000000e+00	0.00000000e+00	-4.72217383e-06	9.68495844e-01	4.72217383e-06	-3.52353007e-01	1.00490928e-01	0.00000000e+00
4.99999373e-07	5.84678128e-02	1.00000000e+00	1.66666567e-07	0.00000000e+00	0.00000000e+00	0.00000000e+00	0.00000000e+00	0.00000000e+00	3.50729294e-08	2.92339064e-02	9.70268726e-01	1.06390864e-02	0.00000000e+00	0.00000000e+00	0.00000000e+00	-4.38571314e-06	9.70327054e-01	4.38571314e-06	-3.69634628e-01	1.05214156e-01	0.00000000e+00
4.99999715e-07	5.50716780e-02	1.00000000e+00	1.66666567e-07	0.00000000e+00	0.00000000e+00	0.00000000e+00	0.00000000e+00	0.00000000e+00	3.50730254e-08	2.75358390e-02	9.72022831e-01	1.01099852e-02	0.00000000e+00	0.00000000e+00	0.00000000e+00	-4.46145474e-06	9.72075407e-01	4.46145474e-06	-3.87816250e-01	1.10183351e-01	0.00000000e+00
5.00000056e-07	5.18262014e-02	1.00000000e+00	1.66666567e-07	0.00000000e+00	0.00000000e+00	0.00000000e+00	0.00000000e+00	0.00000000e+00	3.50731142e-08	2.59131007e-02	9.73695993e-01	9.59917158e-03	0.00000000e+00	0.00000000e+00	0.00000000e+00	-3.91718311e-06	9.73743309e-01	3.91718311e-06	-4.06949192e-01	1.15412563e-01	0.00000000e+00
5.00000340e-07	4.87276502e-02	1.00000000e+00	1.66666567e-07	0.00000000e+00	0.00000000e+00	0.00000000e+00	0.00000000e+00	0.00000000e+00	3.50731959e-08	2.43638251e-02	9.75290477e-01	9.10636969e-03	0.00000000e+00	0.00000000e+00	0.00000000e+00	-2.77423700e-06	9.75332990e-01	2.77423700e-06	-4.27087873e-01	1.20916650e-01	0.00000000e+00
5.00000624e-07	4.57722396e-02	1.00000000e+00	1.66666567e-07	0.00000000e+00	0.00000000e+00	0.00000000e+00	0.00000000e+00	0.00000000e+00	3.50732705e-08	2.28861198e-02	9.76808727e-01	8.63130298e-03	0.00000000e+00	0.00000000e+00	0.00000000e+00	-2.50476111e-06	9.76846860e-01	2.50476111e-06	-4.48290259e-01	1.26711443e-01	0.00000000e+00
5.00000908e-07	4.29561213e-02	1.00000000e+00	1.66666567e-07	0.00000000e+00	0.00000000e+00	0.00000000e+00	0.00000000e+00	0.00000000e+00	3.50733345e-08	2.14780606e-02	9.78253007e-01	8.17369390e-03	0.00000000e+00	0.00000000e+00	0.00000000e+00	-2.35530292e-06	9.78287154e-01	2.35530292e-06	-4.70617890e-01	1.32813796e-01	0.00000000e+00
5.00001079e-07	4.02754061e-02	1.00000000e+00	1.66666567e-07	0.00000000e+00	0.00000000e+00	0.00000000e+00	0.00000000e+00	0.00000000e+00	3.50733949e-08	2.01377030e-02	9.79625762e-01	7.73325795e-03	0.00000000e+00	0.00000000e+00	0.00000000e+00	-1.91441565e-06	9.79656285e-01	1.91441565e-06	-4.94136363e-01	1.39241606e-01	0.00000000e+00
5.00001306e-07	3.77261639e-02	1.00000000e+00	1.66666567e-07	0.00000000e+00	0.00000000e+00	0.00000000e+00	0.00000000e+00	0.00000000e+00	3.50734481e-08	1.88630819e-02	9.80929255e-01	7.30971247e-03	0.00000000e+00	0.00000000e+00	0.00000000e+00	-1.42936399e-06	9.80956490e-01	1.42936399e-06	-5.18915415e-01	1.46013930e-01	0.00000000e+00
5.00001477e-07	3.53044458e-02	1.00000000e+00	1.66666567e-07	0.00000000e+00	0.00000000e+00	0.00000000e+00	0.00000000e+00	0.00000000e+00	3.50734908e-08	1.76522229e-02	9.82165754e-01	6.90277293e-03	0.00000000e+00	0.00000000e+00	0.00000000e+00	-1.11210151e-06	9.82190010e-01	1.11210151e-06	-5.45029104e-01	1.53151035e-01	0.00000000e+00
5.00001647e-07	3.30062807e-02	1.00000000e+00	1.66666567e-07	0.00000000e+00	0.00000000e+00	0.00000000e+00	0.00000000e+00	0.00000000e+00	3.50735334e-08	1.65031403e-02	9.83337700e-01	6.51214551e-03	0.00000000e+00	0.00000000e+00	0.00000000e+00	-8.22120552e-07	9.83359263e-01	8.22120552e-07	-5.72556317e-01	1.60674483e-01	0.00000000e+00
5.00001761e-07	3.08276825e-02	1.00000000e+00	1.66666567e-07	0.00000000e+00	0.00000000e+00	0.00000000e+00	0.00000000e+00	0.00000000e+00	3.50735654e-08	1.54138412e-02	9.84447181e-01	6.13753404e-03	0.00000000e+00	0.00000000e+00	0.00000000e+00	-8.11920684e-07	9.84466313e-01	8.11920684e-07	-6.01581097e-01	1.68607205e-01	0.00000000e+00
5.00001875e-07	2.87646558e-02	1.00000000e+00	1.66666567e-07	0.00000000e+00	0.00000000e+00	0.00000000e+00	0.00000000e+00	0.00000000e+00	3.50735938e-08	1.43823279e-02	9.85496581e-01	5.77863818e-03	0.00000000e+00	0.00000000e+00	0.00000000e+00	-3.84194377e-07	9.85513523e-01	3.84194377e-07	-6.32192731e-01	1.76973641e-01	0.00000000e+00
5.00001931e-07	2.68132035e-02	1.00000000e+00	1.66666567e-07	0.00000000e+00	0.00000000e+00	0.00000000e+00	0.00000000e+00	0.00000000e+00	3.50736187e-08	1.34066017e-02	9.86488104e-01	5.43514732e-03	0.00000000e+00	0.00000000e+00	0.00000000e+00	5.90005029e-08	9.86503076e-01	5.90005029e-08	-6.64486349e-01	1.85799763e-01	0.00000000e+00
5.00002045e-07	2.49693375e-02	1.00000000e+00	1.66666567e-07	0.00000000e+00	0.00000000e+00	0.00000000e+00	0.00000000e+00	0.00000000e+00	3.50736400e-08	1.24846688e-02	9.87424016e-01	5.10674715e-03	0.00000000e+00	0.00000000e+00	0.00000000e+00	1.33889432e-07	9.87437221e-01	1.33889432e-07	-6.98563218e-01	1.95113301e-01	0.00000000e+00
5.00002045e-07	2.43580416e-02	1.00000000e+00	1.66666567e-07	0.00000000e+00	0.00000000e+00	0.00000000e+00	0.00000000e+00	0.00000000e+00	3.50736435e-08	1.21790208e-02	9.87733960e-01	4.99712257e-03	0.00000000e+00	0.00000000e+00	0.00000000e+00	1.71997369e-07	9.87746601e-01	1.71997369e-07	-7.11190760e-01	1.98564515e-01	0.00000000e+00
5.00002102e-07	2.32283771e-02	1.00000000e+00	1.66666567e-07	0.00000000e+00	0.00000000e+00	0.00000000e+00	0.00000000e+00	0.00000000e+00	3.50736542e-08	1.16141886e-02	9.88306701e-01	4.79298690e-03	0.00000000e+00	0.00000000e+00	0.00000000e+00	2.28707015e-07	9.88318323e-01	2.28707015e-07	-7.34521329e-01	2.04940975e-01	0.00000000e+00
5.00002102e-07	2.15867534e-02	1.00000000e+00	1.66666567e-07	0.00000000e+00	0.00000000e+00	0.00000000e+00	0.00000000e+00	0.00000000e+00	3.50736649e-08	1.07933767e-02	9.89138246e-01	4.49360209e-03	0.00000000e+00	0.00000000e+00	0.00000000e+00	2.06531488e-07	9.89148453e-01	2.06531488e-07	-7.72478580e-01	2.15315014e-01	0.00000000e+00
5.00002159e-07	2.00409461e-02	1.00000000e+00	1.66666567e-07	0.00000000e+00	0.00000000e+00	0.00000000e+00	0.00000000e+00	0.00000000e+00	3.50736720e-08	1.00204730e-02	9.89920557e-01	4.20833146e-03	0.00000000e+00	0.00000000e+00	0.00000000e+00	2.65173587e-07	9.89929502e-01	2.65173587e-07	-8.12562883e-01	2.26270407e-01	0.00000000e+00
5.00002159e-07	1.85870472e-02	1.00000000e+00	1.66666567e-07	0.00000000e+00	0.00000000e+00	0.00000000e+00	0.00000000e+00	0.00000000e+00	3.50736755e-08	9.29352362e-03	9.90655720e-01	3.93682905e-03	0.00000000e+00	0.00000000e+00	0.00000000e+00	1.35392940e-07	9.90663543e-01	1.35392940e-07	-8.54904771e-01	2.37842843e-01	0.00000000e+00
5.00002159e-07	1.72211919e-02	1.00000000e+00	1.66666567e-07	0.00000000e+00	0.00000000e+00	0.00000000e+00	0.00000000e+00	0.00000000e+00	3.50736755e-08	8.61059595e-03	9.91345882e-01	3.67874070e-03	0.00000000e+00	0.00000000e+00	0.00000000e+00	-3.98461524e-08	9.91352708e-01	3.98461524e-08	-8.99643481e-01	2.50070333e-01	0.00000000e+00
5.00002159e-07	1.59395617e-02	1.00000000e+00	1.66666567e-07	0.00000000e+00	0.00000000e+00	0.00000000e+00	0.00000000e+00	0.00000000e+00	3.50736720e-08	7.96978083e-03	9.91992950e-01	3.43370577e-03	0.00000000e+00	0.00000000e+00	0.00000000e+00	3.92666219e-08	9.91998893e-01	3.92666219e-08	-9.46927428e-01	2.62993485e-01	0.00000000e+00
5.00002159e-07	1.47383856e-02	1.00000000e+00	1.66666567e-07	0.00000000e+00	0.00000000e+00	0.00000000e+00	0.00000000e+00	0.00000000e+00	3.50736684e-08	7.36919278e-03	9.92598951e-01	3.20135523e-03	0.00000000e+00	0.00000000e+00	0.00000000e+00	4.33906003e-07	9.92604113e-01	4.33906003e-07	-9.96914983e-01	2.76655525e-01	0.00000000e+00
5.00002102e-07	1.36139570e-02	1.00000000e+00	1.66666567e-07	0.00000000e+00	0.00000000e+00	0.00000000e+00	0.00000000e+00	0.00000000e+00	3.50736613e-08	6.80697849e-03	9.93165851e-01	2.98131420e-03	0.00000000e+00	0.00000000e+00	0.00000000e+00	6.47822949e-07	9.93170325e-01	6.47822949e-07	-1.04977512e+00	2.91102707e-01	0.00000000e+00
5.00002045e-07	1.25626307e-02	1.00000000e+00	1.66666567e-07	0.00000000e+00	0.00000000e+00	0.00000000e+00	0.00000000e+00	0.00000000e+00	3.50736507e-08	6.28131535e-03	9.93695617e-01	2.77320109e-03	0.00000000e+00	0.00000000e+00	0.00000000e+00	4.02051032e-07	9.93699486e-01	4.02051032e-07	-1.10568833e+00	3.06384265e-01	0.00000000e+00
5.00002045e-07	1.15808342e-02	1.00000000e+00	1.66666567e-07	0.00000000e+00	0.00000000e+00	0.00000000e+00	0.00000000e+00	0.00000000e+00	3.50736435e-08	5.79041708e-03	9.94190037e-01	2.57662940e-03	0.00000000e+00	0.00000000e+00	0.00000000e+00	3.13095518e-07	9.94193376e-01	3.13095518e-07	-1.16484737e+00	3.22552949e-01	0.00000000e+00
5.00001988e-07	1.06650684e-02	1.00000000e+00	1.66666567e-07	0.00000000e+00	0.00000000e+00	0.00000000e+00	0.00000000e+00	0.00000000e+00	3.50736293e-08	5.33253420e-03	9.94650960e-01	2.39120540e-03	0.00000000e+00	0.00000000e+00	0.00000000e+00	5.72344410e-07	9.94653834e-01	5.72344410e-07	-1.22745800e+00	3.39665025e-01	0.00000000e+00
5.00001931e-07	9.81191453e-03	1.00000000e+00	1.66666567e-07	0.00000000e+00	0.00000000e+00	0.00000000e+00	0.00000000e+00	0.00000000e+00	3.50736187e-08	4.90595726e-03	9.95080113e-01	2.21653283e-03	0.00000000e+00	0.00000000e+00	0.00000000e+00	6.53834397e-07	9.95082582e-01	6.53834397e-07	-1.29374087e+00	3.57780725e-01	0.00000000e+00
5.00001875e-07	9.01803747e-03	1.00000000e+00	1.66666567e-07	0.00000000e+00	0.00000000e+00	0.00000000e+00	0.00000000e+00	0.00000000e+00	3.50736009e-08	4.50901873e-03	9.95479286e-01	2.05221004e-03	0.00000000e+00	0.00000000e+00	0.00000000e+00	4.17997954e-07	9.95481401e-01	4.17997954e-07	-1.36393213e+00	3.76964599e-01	0.00000000e+00
5.00001818e-07	8.28018971e-03	1.00000000e+00	1.66666567e-07	0.00000000e+00	0.00000000e+00	0.00000000e+00	0.00000000e+00	0.00000000e+00	3.50735867e-08	4.14009485e-03	9.95850086e-01	1.89783343e-03	0.00000000e+00	0.00000000e+00	0.00000000e+00	3.16415783e-07	9.95851895e-01	3.16415783e-07	-1.43828535e+00	3.97285998e-01	0.00000000e+00
5.00001761e-07	7.59521127e-03	1.00000000e+00	1.66666567e-07	0.00000000e+00	0.00000000e+00	0.00000000e+00	0.00000000e+00	0.00000000e+00	3.50735725e-08	3.79760563e-03	9.96194184e-01	1.75299635e-03	0.00000000e+00	0.00000000e+00	0.00000000e+00	3.13673199e-07	9.96195726e-01	3.13673199e-07	-1.51707339e+00	4.18819487e-01	0.00000000e+00
5.00001704e-07	6.96004182e-03	1.00000000e+00	1.66666567e-07	0.00000000e+00	0.00000000e+00	0.00000000e+00	0.00000000e+00	0.00000000e+00	3.50735547e-08	3.48002091e-03	9.96513188e-01	1.61729101e-03	0.00000000e+00	0.00000000e+00	0.00000000e+00	2.16749387e-07	9.96514500e-01	2.16749387e-07	-1.60059118e+00	4.41645652e-01	0.00000000e+00
5.00001647e-07	6.37171511e-03	1.00000000e+00	1.66666567e-07	0.00000000e+00	0.00000000e+00	0.00000000e+00	0.00000000e+00	0.00000000e+00	3.50735370e-08	3.18585755e-03	9.96808529e-01	1.49030949e-03	0.00000000e+00	0.00000000e+00	0.00000000e+00	3.07025144e-07	9.96809643e-01	3.07025144e-07	-1.68915725e+00	4.65851545e-01	0.00000000e+00
5.00001590e-07	5.92759252e-03	1.00000000e+00	1.66666567e-07	0.00000000e+00	0.00000000e+00	0.00000000e+00	0.00000000e+00	0.00000000e+00	3.50735228e-08	2.96379626e-03	9.97031391e-01	1.39367208e-03	0.00000000e+00	0.00000000e+00	0.00000000e+00	3.64943648e-07	9.97032365e-01	3.64943648e-07	-1.76579595e+00	4.86797601e-01	0.00000000e+00
5.00001590e-07	5.82728535e-03	1.00000000e+00	1.66666567e-07	0.00000000e+00	0.00000000e+00	0.00000000e+00	0.00000000e+00	0.00000000e+00	3.50735192e-08	2.91364267e-03	9.97081757e-01	1.37162581e-03	0.00000000e+00	0.00000000e+00	0.00000000e+00	3.72033633e-07	9.97082700e-01	3.72033633e-07	-1.78311062e+00	4.91529852e-01	0.00000000e+00
5.00001534e-07	5.32371644e-03	1.00000000e+00	1.66666567e-07	0.00000000e+00	0.00000000e+00	0.00000000e+00	0.00000000e+00	0.00000000e+00	3.50735014e-08	2.66185822e-03	9.97334361e-01	1.26076688e-03	0.00000000e+00	0.00000000e+00	0.00000000e+00	1.51569074e-08	9.97335158e-01	1.51569074e-08	-1.88279402e+00	5.18774211e-01	0.00000000e+00
5.00001420e-07	4.85877693e-03	1.00000000e+00	1.66666567e-07	0.00000000e+00	0.00000000e+00	0.00000000e+00	0.00000000e+00	0.00000000e+00	3.50734837e-08	2.42938846e-03	9.97567534e-01	1.15743361e-03	0.00000000e+00	0.00000000e+00	0.00000000e+00	-1.72219574e-07	9.97568206e-01	1.72219574e-07	-1.98865712e+00	5.47707558e-01	0.00000000e+00
5.00001363e-07	4.42993827e-03	1.00000000e+00	1.66666567e-07	0.00000000e+00	0.00000000e+00	0.00000000e+00	0.00000000e+00	0.00000000e+00	3.50734659e-08	2.21496914e-03	9.97782528e-01	1.06123590e-03	0.00000000e+00	0.00000000e+00	0.00000000e+00	-1.09055036e-07	9.97783093e-01	1.09055036e-07	-2.10115099e+00	5.78453183e-01	0.00000000e+00
5.00001306e-07	4.03479766e-03	1.00000000e+00	1.66666567e-07	0.00000000e+00	0.00000000e+00	0.00000000e+00	0.00000000e+00	0.00000000e+00	3.50734481e-08	2.01739883e-03	9.97980595e-01	9.71794128e-04	0.00000000e+00	0.00000000e+00	0.00000000e+00	-7.27042758e-08	9.97981068e-01	7.27042758e-08	-2.22076821e+00	6.11145616e-01	0.00000000e+00
5.00001192e-07	3.67108127e-03	1.00000000e+00	1.66666567e-07	0.00000000e+00	0.00000000e+00	0.00000000e+00	0.00000000e+00	0.00000000e+00	3.50734268e-08	1.83554064e-03	9.98162925e-01	8.88742681e-04	0.00000000e+00	0.00000000e+00	0.00000000e+00	3.90791916e-08	9.98163321e-01	3.90791916e-08	-2.34804654e+00	6.45931959e-01	0.00000000e+00
5.00001136e-07	3.33665032e-03	1.00000000e+00	1.66666567e-07	0.00000000e+00	0.00000000e+00	0.00000000e+00	0.00000000e+00	0.00000000e+00	3.50734055e-08	1.66832516e-03	9.98330474e-01	8.11731094e-04	0.00000000e+00	0.00000000e+00	0.00000000e+00	1.26003865e-07	9.98330804e-01	1.26003865e-07	-2.48356915e+00	6.82971478e-01	0.00000000e+00
5.00001079e-07	3.02949711e-03	1.00000000e+00	1.66666567e-07	0.00000000e+00	0.00000000e+00	0.00000000e+00	0.00000000e+00	0.00000000e+00	3.50733842e-08	1.51474855e-03	9.98484373e-01	7.40425196e-04	0.00000000e+00	0.00000000e+00	0.00000000e+00	1.69790018e-07	9.98484648e-01	1.69790018e-07	-2.62796545e+00	7.22436249e-01	0.00000000e+00
5.00000965e-07	2.74774316e-03	1.00000000e+00	1.66666567e-07	0.00000000e+00	0.00000000e+00	0.00000000e+00	0.00000000e+00	0.00000000e+00	3.50733593e-08	1.37387158e-03	9.98625517e-01	6.74507639e-04	0.00000000e+00	0.00000000e+00	0.00000000e+00	1.12245003e-07	9.98625745e-01	1.12245003e-07	-2.78190875e+00	7.64510393e-01	0.00000000e+00
5.00000908e-07	2.61464692e-03	1.00000000e+00	1.66666567e-07	0.00000000e+00	0.00000000e+00	0.00000000e+00	0.00000000e+00	0.00000000e+00	3.50733451e-08	1.30732346e-03	9.98692155e-01	6.43494772e-04	0.00000000e+00	0.00000000e+00	0.00000000e+00	5.30950806e-08	9.98692362e-01	5.30950806e-08	-2.86637974e+00	7.87597001e-01	0.00000000e+00
5.00000908e-07	2.48940126e-03	1.00000000e+00	1.66666567e-07	0.00000000e+00	0.00000000e+00	0.00000000e+00	0.00000000e+00	0.00000000e+00	3.50733345e-08	1.24470063e-03	9.98754919e-01	6.13602402e-04	0.00000000e+00	0.00000000e+00	0.00000000e+00	2.62379139e-08	9.98755107e-01	2.62379139e-08	-2.94605470e+00	8.09372962e-01	0.00000000e+00
5.00000795e-07	2.25282763e-03	1.00000000e+00	1.66666567e-07	0.00000000e+00	0.00000000e+00	0.00000000e+00	0.00000000e+00	0.00000000e+00	3.50733096e-08	1.12641382e-03	9.98873353e-01	5.57416119e-04	0.00000000e+00	0.00000000e+00	0.00000000e+00	1.62868695e-07	9.98873509e-01	1.62868695e-07	-3.12113619e+00	8.57224286e-01	0.00000000e+00
5.00000681e-07	2.03676336e-03	1.00000000e+00	1.66666567e-07	0.00000000e+00	0.00000000e+00	0.00000000e+00	0.00000000e+00	0.00000000e+00	3.50732847e-08	1.01838168e-03	9.98981535e-01	5.05762699e-04	0.00000000e+00	0.00000000e+00	0.00000000e+00	2.95463055e-07	9.98981663e-01	2.95463055e-07	-3.30800557e+00	9.08297300e-01	0.00000000e+00
5.00000624e-07	1.83975184e-03	1.00000000e+00	1.66666567e-07	0.00000000e+00	0.00000000e+00	0.00000000e+00	0.00000000e+00	0.00000000e+00	3.50732599e-08	9.19875922e-04	9.99080122e-01	4.58375056e-04	0.00000000e+00	0.00000000e+00	0.00000000e+00	2.61249143e-07	9.99080227e-01	2.61249143e-07	-3.50748038e+00	9.62815523e-01	0.00000000e+00
5.00000567e-07	1.73058384e-03	1.00000000e+00	1.66666567e-07	0.00000000e+00	0.00000000e+00	0.00000000e+00	0.00000000e+00	0.00000000e+00	3.50732456e-08	8.65291920e-04	9.99134779e-01	4.32315748e-04	0.00000000e+00	0.00000000e+00	0.00000000e+00	1.39020789e-07	9.99134873e-01	1.39020789e-07	-3.63668060e+00	9.98127162e-01	0.00000000e+00
5.00000510e-07	1.66024349e-03	1.00000000e+00	1.66666567e-07	0.00000000e+00	0.00000000e+00	0.00000000e+00	0.00000000e+00	0.00000000e+00	3.50732350e-08	8.30121746e-04	9.99170005e-01	4.14928945e-04	0.00000000e+00	0.00000000e+00	0.00000000e+00	6.90190630e-08	9.99170091e-01	6.90190630e-08	-3.72033715e+00	1.02099133e+00	0.00000000e+00
5.00000453e-07	1.49686646e-03	1.00000000e+00	1.66666567e-07	0.00000000e+00	0.00000000e+00	0.00000000e+00	0.00000000e+00	0.00000000e+00	3.50732137e-08	7.48433231e-04	9.99251783e-01	3.75144038e-04	0.00000000e+00	0.00000000e+00	0.00000000e+00	6.86859806e-08	9.99251853e-01	6.86859806e-08	-3.94739366e+00	1.08304775e+00	0.00000000e+00
5.00000340e-07	1.34866498e-03	1.00000000e+00	1.66666567e-07	0.00000000e+00	0.00000000e+00	0.00000000e+00	0.00000000e+00	0.00000000e+00	3.50731959e-08	6.74332492e-04	9.99325931e-01	3.38879152e-04	0.00000000e+00	0.00000000e+00	0.00000000e+00	2.00369380e-07	9.99325989e-01	2.00369380e-07	-4.18968058e+00	1.14926720e+00	0.00000000e+00
5.00000283e-07	1.28121104e-03	1.00000000e+00	1.66666567e-07	0.00000000e+00	0.00000000e+00	0.00000000e+00	0.00000000e+00	0.00000000e+00	3.50731852e-08	6.40605518e-04	9.99359667e-01	3.22624372e-04	0.00000000e+00	0.00000000e+00	0.00000000e+00	2.14537960e-07	9.99359719e-01	2.14537960e-07	-4.31890774e+00	1.18458605e+00	0.00000000e+00
5.00000283e-07	1.21426571e-03	1.00000000e+00	1.66666567e-07	0.00000000e+00	0.00000000e+00	0.00000000e+00	0.00000000e+00	0.00000000e+00	3.50731781e-08	6.07132853e-04	9.99393165e-01	3.05815658e-04	0.00000000e+00	0.00000000e+00	0.00000000e+00	2.16545315e-07	9.99393212e-01	2.16545315e-07	-4.44803715e+00	1.21987820e+00	0.00000000e+00
5.00000226e-07	1.09256373e-03	1.00000000e+00	1.66666567e-07	0.00000000e+00	0.00000000e+00	0.00000000e+00	0.00000000e+00	0.00000000e+00	3.50731604e-08	5.46281866e-04	9.99454081e-01	2.75726954e-04	0.00000000e+00	0.00000000e+00	0.00000000e+00	1.59684657e-07	9.99454119e-01	1.59684657e-07	-4.72344351e+00	1.29514933e+00	0.00000000e+00
5.00000169e-07	9.87806241e-04	1.00000000e+00	1.66666567e-07	0.00000000e+00	0.00000000e+00	0.00000000e+00	0.00000000e+00	0.00000000e+00	3.50731462e-08	4.93903121e-04	9.99506474e-01	2.49779405e-04	0.00000000e+00	0.00000000e+00	0.00000000e+00	5.66880056e-08	9.99506505e-01	5.66880056e-08	-5.00318766e+00	1.37160587e+00	0.00000000e+00
5.00000169e-07	9.82643222e-04	1.00000000e+00	1.66666567e-07	0.00000000e+00	0.00000000e+00	0.00000000e+00	0.00000000e+00	0.00000000e+00	3.50731462e-08	4.91321611e-04	9.99509037e-01	2.48446071e-04	0.00000000e+00	0.00000000e+00	0.00000000e+00	5.09971673e-08	9.99509067e-01	5.09971673e-08	-5.01708126e+00	1.37540317e+00	0.00000000e+00
5.00000112e-07	8.83253058e-04	1.00000000e+00	1.66666567e-07	0.00000000e+00	0.00000000e+00	0.00000000e+00	0.00000000e+00	0.00000000e+00	3.50731320e-08	4.41626529e-04	9.99558747e-01	2.23651266e-04	0.00000000e+00	0.00000000e+00	0.00000000e+00	2.43577805e-08	9.99558772e-01	2.43577805e-08	-5.32980537e+00	1.46087348e+00	0.00000000e+00
5.00000056e-07	7.93699175e-04	1.00000000e+00	1.66666567e-07	0.00000000e+00	0.00000000e+00	0.00000000e+00	0.00000000e+00	0.00000000e+00	3.50731142e-08	3.96849588e-04	9.99603510e-01	2.01241375e-04	0.00000000e+00	0.00000000e+00	0.00000000e+00	8.58934648e-08	9.99603530e-01	8.58934648e-08	-5.66310501e+00	1.55196714e+00	0.00000000e+00
5.00000056e-07	7.77671870e-04	1.00000000e+00	1.66666567e-07	0.00000000e+00	0.00000000e+00	0.00000000e+00	0.00000000e+00	0.00000000e+00	3.50731106e-08	3.88835935e-04	9.99611557e-01	1.97352580e-04	0.00000000e+00	0.00000000e+00	0.00000000e+00	9.00001698e-08	9.99611576e-01	9.00001698e-08	-5.73306799e+00	1.57108867e+00	0.00000000e+00
4.99999999e-07	7.12924579e-04	1.00000000e+00	1.66666567e-07	0.00000000e+00	0.00000000e+00	0.00000000e+00	0.00000000e+00	0.00000000e+00	3.50731035e-08	3.56462289e-04	9.99643981e-01	1.80942981e-04	0.00000000e+00	0.00000000e+00	0.00000000e+00	7.52632932e-08	9.99643998e-01	7.52632932e-08	-6.01800585e+00	1.64896476e+00	0.00000000e+00
4.99999942e-07	6.40226586e-04	1.00000000e+00	1.66666567e-07	0.00000000e+00	0.00000000e+00	0.00000000e+00	0.00000000e+00	0.00000000e+00	3.50730929e-08	3.20113293e-04	9.99680340e-01	1.62622149e-04	0.00000000e+00	0.00000000e+00	0.00000000e+00	-2.56578497e-08	9.99680354e-01	2.56578497e-08	-6.39609241e+00	1.75229931e+00	0.00000000e+00
4.99999942e-07	6.14748278e-04	1.00000000e+00	1.66666567e-07	0.00000000e+00	0.00000000e+00	0.00000000e+00	0.00000000e+00	0.00000000e+00	3.50730893e-08	3.07374139e-04	9.99693096e-01	1.56341717e-04	0.00000000e+00	0.00000000e+00	0.00000000e+00	-4.31354044e-08	9.99693108e-01	4.31354044e-08	-6.55208015e+00	1.79493213e+00	0.00000000e+00
4.99999942e-07	5.74782607e-04	1.00000000e+00	1.66666567e-07	0.00000000e+00	0.00000000e+00	0.00000000e+00	0.00000000e+00	0.00000000e+00	3.50730822e-08	2.87391304e-04	9.99713063e-01	1.46075734e-04	0.00000000e+00	0.00000000e+00	0.00000000e+00	2.81603411e-08	9.99713074e-01	2.81603411e-08	-6.79870701e+00	1.86233747e+00	0.00000000e+00
4.99999885e-07	5.15922788e-04	1.00000000e+00	1.66666567e-07	0.00000000e+00	0.00000000e+00	0.00000000e+00	0.00000000e+00	0.00000000e+00	3.50730716e-08	2.57961394e-04	9.99742448e-01	1.31155641e-04	0.00000000e+00	0.00000000e+00	0.00000000e+00	6.37738047e-08	9.99742457e-01	6.37738047e-08	-7.22755194e+00	1.97954476e+00	0.00000000e+00
4.99999885e-07	4.83441545e-04	1.00000000e+00	1.66666567e-07	0.00000000e+00	0.00000000e+00	0.00000000e+00	0.00000000e+00	0.00000000e+00	3.50730680e-08	2.41720772e-04	9.99758720e-01	1.23024394e-04	0.00000000e+00	0.00000000e+00	0.00000000e+00	4.32101975e-08	9.99758728e-01	4.32101975e-08	-7.50718641e+00	2.05597138e+00	0.00000000e+00
4.99999885e-07	4.63003205e-04	1.00000000e+00	1.66666567e-07	0.00000000e+00	0.00000000e+00	0.00000000e+00	0.00000000e+00	0.00000000e+00	3.50730645e-08	2.31501603e-04	9.99768972e-01	1.17709678e-04	0.00000000e+00	0.00000000e+00	0.00000000e+00	1.66022824e-08	9.99768979e-01	1.66022824e-08	-7.68445206e+00	2.10441971e+00	0.00000000e+00
4.99999828e-07	4.15422575e-04	1.00000000e+00	1.66666567e-07	0.00000000e+00	0.00000000e+00	0.00000000e+00	0.00000000e+00	0.00000000e+00	3.50730609e-08	2.07711288e-04	9.99792695e-01	1.05591957e-04	0.00000000e+00	0.00000000e+00	0.00000000e+00	2.01295571e-08	9.99792701e-01	2.01295571e-08	-8.17117214e+00	2.23744440e+00	0.00000000e+00
4.99999828e-07	3.75010393e-04	1.00000000e+00	1.66666567e-07	0.00000000e+00	0.00000000e+00	0.00000000e+00	0.00000000e+00	0.00000000e+00	3.50730573e-08	1.87505197e-04	9.99812901e-01	9.53044510e-05	0.00000000e+00	0.00000000e+00	0.00000000e+00	-4.58897518e-08	9.99812906e-01	4.58897518e-08	-8.66172695e+00	2.37151742e+00	0.00000000e+00
4.99999828e-07	3.72701179e-04	1.00000000e+00	1.66666567e-07	0.00000000e+00	0.00000000e+00	0.00000000e+00	0.00000000e+00	0.00000000e+00	3.50730573e-08	1.86350590e-04	9.99814093e-01	9.46961227e-05	0.00000000e+00	0.00000000e+00	0.00000000e+00	-5.05596254e-08	9.99814098e-01	5.05596254e-08	-8.68994713e+00	2.37923050e+00	0.00000000e+00
4.99999828e-07	3.34297918e-04	1.00000000e+00	1.66666567e-07	0.00000000e+00	0.00000000e+00	0.00000000e+00	0.00000000e+00	0.00000000e+00	3.50730538e-08	1.67148959e-04	9.99833286e-01	8.48810087e-05	0.00000000e+00	0.00000000e+00	0.00000000e+00	-4.49478683e-08	9.99833289e-01	4.49478683e-08	-9.24254990e+00	2.53026175e+00	0.00000000e+00
4.99999828e-07	2.99839623e-04	1.00000000e+00	1.66666567e-07	0.00000000e+00	0.00000000e+00	0.00000000e+00	0.00000000e+00	0.00000000e+00	3.50730467e-08	1.49919812e-04	9.99850512e-01	7.60663534e-05	0.00000000e+00	0.00000000e+00	0.00000000e+00	7.64666443e-09	9.99850514e-01	7.64666443e-09	-9.83168221e+00	2.69127703e+00	0.00000000e+00
4.99999828e-07	2.86022900e-04	1.00000000e+00	1.66666567e-07	0.00000000e+00	0.00000000e+00	0.00000000e+00	0.00000000e+00	0.00000000e+00	3.50730467e-08	1.43011450e-04	9.99857426e-01	7.25877544e-05	0.00000000e+00	0.00000000e+00	0.00000000e+00	-1.66505098e-08	9.99857428e-01	1.66505098e-08	-1.01112099e+01	2.76767421e+00	0.00000000e+00
4.99999771e-07	2.68902484e-04	1.00000000e+00	1.66666567e-07	0.00000000e+00	0.00000000e+00	0.00000000e+00	0.00000000e+00	0.00000000e+00	3.50730467e-08	1.34451242e-04	9.99866009e-01	6.81431848e-05	0.00000000e+00	0.00000000e+00	0.00000000e+00	-4.73851571e-08	9.99866011e-01	4.73851571e-08	-1.04595852e+01	2.86288834e+00	0.00000000e+00
4.99999771e-07	2.41137226e-04	1.00000000e+00	1.66666567e-07	0.00000000e+00	0.00000000e+00	0.00000000e+00	0.00000000e+00	0.00000000e+00	3.50730431e-08	1.20568613e-04	9.99879897e-01	6.10267198e-05	0.00000000e+00	0.00000000e+00	0.00000000e+00	-7.46746386e-08	9.99879899e-01	7.46746386e-08	-1.11289377e+01	3.04582858e+00	0.00000000e+00
4.99999771e-07	2.16238011e-04	1.00000000e+00	1.66666567e-07	0.00000000e+00	0.00000000e+00	0.00000000e+00	0.00000000e+00	0.00000000e+00	3.50730396e-08	1.08119006e-04	9.99892294e-01	5.46430383e-05	0.00000000e+00	0.00000000e+00	0.00000000e+00	6.04805506e-09	9.99892296e-01	6.04805506e-09	-1.18427782e+01	3.24092746e+00	0.00000000e+00
4.99999771e-07	2.11206643e-04	1.00000000e+00	1.66666567e-07	0.00000000e+00	0.00000000e+00	0.00000000e+00	0.00000000e+00	0.00000000e+00	3.50730396e-08	1.05603322e-04	9.99894857e-01	5.33786661e-05	0.00000000e+00	0.00000000e+00	0.00000000e+00	2.59898485e-08	9.99894859e-01	2.59898485e-08	-1.20134907e+01	3.28758478e+00	0.00000000e+00
4.99999771e-07	1.93891843e-04	1.00000000e+00	1.66666567e-07	0.00000000e+00	0.00000000e+00	0.00000000e+00	0.00000000e+00	0.00000000e+00	3.50730396e-08	9.69459215e-05	9.99903500e-01	4.89110171e-05	0.00000000e+00	0.00000000e+00	0.00000000e+00	7.17096692e-08	9.99903501e-01	7.17096692e-08	-1.26038170e+01	3.44892597e+00	0.00000000e+00
4.99999771e-07	1.73853652e-04	1.00000000e+00	1.66666567e-07	0.00000000e+00	0.00000000e+00	0.00000000e+00	0.00000000e+00	0.00000000e+00	3.50730360e-08	8.69268260e-05	9.99913514e-01	4.37713679e-05	0.00000000e+00	0.00000000e+00	0.00000000e+00	3.62501587e-08	9.99913515e-01	3.62501587e-08	-1.34155369e+01	3.67077637e+00	0.00000000e+00
4.99999771e-07	1.55891263e-04	1.00000000e+00	1.66666567e-07	0.00000000e+00	0.00000000e+00	0.00000000e+00	0.00000000e+00	0.00000000e+00	3.50730360e-08	7.79456313e-05	9.99922454e-01	3.91658250e-05	0.00000000e+00	0.00000000e+00	0.00000000e+00	3.77324055e-08	9.99922455e-01	3.77324055e-08	-1.42815380e+01	3.90746260e+00	0.00000000e+00
4.99999771e-07	1.49422485e-04	1.00000000e+00	1.66666567e-07	0.00000000e+00	0.00000000e+00	0.00000000e+00	0.00000000e+00	0.00000000e+00	3.50730360e-08	7.47112426e-05	9.99925733e-01	3.75294512e-05	0.00000000e+00	0.00000000e+00	0.00000000e+00	5.15646527e-08	9.99925733e-01	5.15646527e-08	-1.46516161e+01	4.00860786e+00	0.00000000e+00
4.99999771e-07	1.39782031e-04	1.00000000e+00	1.66666567e-07	0.00000000e+00	0.00000000e+00	0.00000000e+00	0.00000000e+00	0.00000000e+00	3.50730360e-08	6.98910153e-05	9.99930561e-01	3.50367845e-05	0.00000000e+00	0.00000000e+00	0.00000000e+00	6.13255002e-08	9.99930561e-01	6.13255002e-08	-1.52053089e+01	4.15993690e+00	0.00000000e+00
4.99999771e-07	1.25339458e-04	1.00000000e+00	1.66666567e-07	0.00000000e+00	0.00000000e+00	0.00000000e+00	0.00000000e+00	0.00000000e+00	3.50730360e-08	6.26697292e-05	9.99937773e-01	3.13373894e-05	0.00000000e+00	0.00000000e+00	0.00000000e+00	6.46691753e-08	9.99937773e-01	6.46691753e-08	-1.61909275e+01	4.42931557e+00	0.00000000e+00
4.99999771e-07	1.12396956e-04	1.00000000e+00	1.66666567e-07	0.00000000e+00	0.00000000e+00	0.00000000e+00	0.00000000e+00	0.00000000e+00	3.50730325e-08	5.61984780e-05	9.99944210e-01	2.80255372e-05	0.00000000e+00	0.00000000e+00	0.00000000e+00	4.60436083e-08	9.99944210e-01	4.60436083e-08	-1.72428761e+01	4.71682262e+00	0.00000000e+00
4.99999771e-07	1.00799021e-04	1.00000000e+00	1.66666567e-07	0.00000000e+00	0.00000000e+00	0.00000000e+00	0.00000000e+00	0.00000000e+00	3.50730325e-08	5.03995107e-05	9.99950051e-01	2.50612084e-05	0.00000000e+00	0.00000000e+00	0.00000000e+00	2.50102961e-09	9.99950052e-01	2.50102961e-09	-1.83657646e+01	5.02371788e+00	0.00000000e+00
4.99999771e-07	9.88772008e-05	1.00000000e+00	1.66666567e-07	0.00000000e+00	0.00000000e+00	0.00000000e+00	0.00000000e+00	0.00000000e+00	3.50730325e-08	4.94386004e-05	9.99951005e-01	2.45775191e-05	0.00000000e+00	0.00000000e+00	0.00000000e+00	-1.51556231e-09	9.99951005e-01	1.51556231e-09	-1.85867119e+01	5.08410454e+00	0.00000000e+00
4.99999771e-07	9.04004992e-05	1.00000000e+00	1.66666567e-07	0.00000000e+00	0.00000000e+00	0.00000000e+00	0.00000000e+00	0.00000000e+00	3.50730325e-08	4.52002496e-05	9.99955237e-01	2.24065825e-05	0.00000000e+00	0.00000000e+00	0.00000000e+00	-1.34028977e-08	9.99955237e-01	1.34028977e-08	-1.95641747e+01	5.35125399e+00	0.00000000e+00
4.99999771e-07	8.10824422e-05	1.00000000e+00	1.66666567e-07	0.00000000e+00	0.00000000e+00	0.00000000e+00	0.00000000e+00	0.00000000e+00	3.50730325e-08	4.05412211e-05	9.99959886e-01	2.00314789e-05	0.00000000e+00	0.00000000e+00	0.00000000e+00	2.84323215e-09	9.99959886e-01	2.84323215e-09	-2.08436565e+01	5.70094824e+00	0.00000000e+00
4.99999771e-07	7.27338193e-05	1.00000000e+00	1.66666567e-07	0.00000000e+00	0.00000000e+00	0.00000000e+00	0.00000000e+00	0.00000000e+00	3.50730325e-08	3.63669096e-05	9.99964058e-01	1.79072249e-05	0.00000000e+00	0.00000000e+00	0.00000000e+00	3.13639929e-08	9.99964059e-01	3.13639929e-08	-2.22099667e+01	6.07437325e+00	0.00000000e+00
4.99999771e-07	6.52537201e-05	1.00000000e+00	1.66666567e-07	0.00000000e+00	0.00000000e+00	0.00000000e+00	0.00000000e+00	0.00000000e+00	3.50730325e-08	3.26268600e-05	9.99967813e-01	1.60076288e-05	0.00000000e+00	0.00000000e+00	0.00000000e+00	3.57714209e-08	9.99967814e-01	3.57714209e-08	-2.36691856e+01	6.47319078e+00	0.00000000e+00
4.99999771e-07	5.90947930e-05	1.00000000e+00	1.66666567e-07	0.00000000e+00	0.00000000e+00	0.00000000e+00	0.00000000e+00	0.00000000e+00	3.50730325e-08	2.95473965e-05	9.99970913e-01	1.44484566e-05	0.00000000e+00	0.00000000e+00	0.00000000e+00	1.43671567e-08	9.99970913e-01	1.43671567e-08	-2.51011810e+01	6.86456823e+00	0.00000000e+00
4.99999771e-07	5.85514208e-05	1.00000000e+00	1.66666567e-07	0.00000000e+00	0.00000000e+00	0.00000000e+00	0.00000000e+00	0.00000000e+00	3.50730325e-08	2.92757104e-05	9.99971151e-01	1.43090974e-05	0.00000000e+00	0.00000000e+00	0.00000000e+00	1.19511734e-08	9.99971151e-01	1.19511734e-08	-2.52277946e+01	6.89917278e+00	0.00000000e+00
4.99999771e-07	5.25435571e-05	1.00000000e+00	1.66666567e-07	0.00000000e+00	0.00000000e+00	0.00000000e+00	0.00000000e+00	0.00000000e+00	3.50730325e-08	2.62717786e-05	9.99974191e-01	1.27898302e-05	0.00000000e+00	0.00000000e+00	0.00000000e+00	1.69270829e-09	9.99974191e-01	1.69270829e-09	-2.68923988e+01	7.35412359e+00	0.00000000e+00
4.99999771e-07	4.71608510e-05	1.00000000e+00	1.66666567e-07	0.00000000e+00	0.00000000e+00	0.00000000e+00	0.00000000e+00	0.00000000e+00	3.50730325e-08	2.35804255e-05	9.99976814e-01	1.14319737e-05	0.00000000e+00	0.00000000e+00	0.00000000e+00	-2.83312825e-08	9.99976814e-01	2.83312825e-08	-2.86708679e+01	7.84019518e+00	0.00000000e+00
4.99999771e-07	3.41443847e-05	1.00000000e+00	1.66666567e-07	0.00000000e+00	0.00000000e+00	0.00000000e+00	0.00000000e+00	0.00000000e+00	3.50730325e-08	1.70721923e-05	9.99983370e-01	8.16523152e-06	0.00000000e+00	0.00000000e+00	0.00000000e+00	2.20653193e-08	9.99983370e-01	2.20653193e-08	-3.47725945e+01	9.50785255e+00	0.00000000e+00
4.99999771e-07	3.80166748e-05	1.00000000e+00	1.66666567e-07	0.00000000e+00	0.00000000e+00	0.00000000e+00	0.00000000e+00	0.00000000e+00	3.50730325e-08	1.90083374e-05	9.99981403e-01	9.13414260e-06	0.00000000e+00	0.00000000e+00	0.00000000e+00	1.24377430e-08	9.99981403e-01	1.24377430e-08	-3.26020622e+01	8.91462612e+00	0.00000000e+00
4.99999771e-07	3.06742841e-05	1.00000000e+00	1.66666567e-07	0.00000000e+00	0.00000000e+00	0.00000000e+00	0.00000000e+00	0.00000000e+00	3.50730325e-08	1.53371420e-05	9.99985099e-01	7.29951898e-06	0.00000000e+00	0.00000000e+00	0.00000000e+00	9.16423398e-09	9.99985099e-01	9.16423398e-09	-3.70926857e+01	1.01419535e+01	0.00000000e+00
4.99999771e-07	2.98314480e-05	1.00000000e+00	1.66666567e-07	0.00000000e+00	0.00000000e+00	0.00000000e+00	0.00000000e+00	0.00000000e+00	3.50730325e-08	1.49157240e-05	9.99985516e-01	7.09125698e-06	0.00000000e+00	0.00000000e+00	0.00000000e+00	3.73822383e-09	9.99985516e-01	3.73822383e-09	-3.77639427e+01	1.03254137e+01	0.00000000e+00
4.99999771e-07	2.75636721e-05	1.00000000e+00	1.66666567e-07	0.00000000e+00	0.00000000e+00	0.00000000e+00	0.00000000e+00	0.00000000e+00	3.50730325e-08	1.37818361e-05	9.99986649e-01	6.52583367e-06	0.00000000e+00	0.00000000e+00	0.00000000e+00	-1.08850245e-08	9.99986649e-01	1.08850245e-08	-3.95725899e+01	1.08197346e+01	0.00000000e+00
4.99999771e-07	2.47756143e-05	1.00000000e+00	1.66666567e-07	0.00000000e+00	0.00000000e+00	0.00000000e+00	0.00000000e+00	0.00000000e+00	3.50730325e-08	1.23878071e-05	9.99988019e-01	5.83455767e-06	0.00000000e+00	0.00000000e+00	0.00000000e+00	-2.13231923e-08	9.99988019e-01	2.13231923e-08	-4.22238159e+01	1.15443373e+01	0.00000000e+00
4.99999771e-07	2.22767067e-05	1.00000000e+00	1.66666567e-07	0.00000000e+00	0.00000000e+00	0.00000000e+00	0.00000000e+00	0.00000000e+00	3.50730325e-08	1.11383533e-05	9.99989271e-01	5.21698348e-06	0.00000000e+00	0.00000000e+00	0.00000000e+00	-8.81931656e-09	9.99989271e-01	8.81931656e-09	-4.50586395e+01	1.23191214e+01	0.00000000e+00
4.99999771e-07	2.00367613e-05	1.00000000e+00	1.66666567e-07	0.00000000e+00	0.00000000e+00	0.00000000e+00	0.00000000e+00	0.00000000e+00	3.50730325e-08	1.00183806e-05	9.99990404e-01	4.66523397e-06	0.00000000e+00	0.00000000e+00	0.00000000e+00	-5.21729918e-09	9.99990404e-01	5.21729918e-09	-4.80900726e+01	1.31476383e+01	0.00000000e+00
4.99999771e-07	1.80287589e-05	1.00000000e+00	1.66666567e-07	0.00000000e+00	0.00000000e+00	0.00000000e+00	0.00000000e+00	0.00000000e+00	3.50730325e-08	9.01437943e-06	9.99991417e-01	4.17226875e-06	0.00000000e+00	0.00000000e+00	0.00000000e+00	-1.92216572e-08	9.99991417e-01	1.92216572e-08	-5.13320694e+01	1.40337057e+01	0.00000000e+00
4.99999771e-07	4.23380407e-05	1.00000000e+00	1.66666567e-07	0.00000000e+00	0.00000000e+00	0.00000000e+00	0.00000000e+00	0.00000000e+00	3.50730325e-08	2.11690203e-05	9.99979258e-01	1.02184995e-05	0.00000000e+00	0.00000000e+00	0.00000000e+00	-3.15758976e-08	9.99979258e-01	3.15758976e-08	-3.05712242e+01	8.35958004e+00	0.00000000e+00
4.99999771e-07	1.62285196e-05	1.00000000e+00	1.66666567e-07	0.00000000e+00	0.00000000e+00	0.00000000e+00	0.00000000e+00	0.00000000e+00	3.50730325e-08	8.11425980e-06	9.99992311e-01	3.73179250e-06	0.00000000e+00	0.00000000e+00	0.00000000e+00	-2.44604216e-08	9.99992311e-01	2.44604216e-08	-5.47995796e+01	1.49814072e+01	0.00000000e+00
4.99999771e-07	1.46144039e-05	1.00000000e+00	1.66666567e-07	0.00000000e+00	0.00000000e+00	0.00000000e+00	0.00000000e+00	0.00000000e+00	3.50730325e-08	7.30720194e-06	9.99993145e-01	3.33817843e-06	0.00000000e+00	0.00000000e+00	0.00000000e+00	-1.60523683e-08	9.99993145e-01	1.60523683e-08	-5.85086174e+01	1.59951210e+01	0.00000000e+00
4.99999771e-07	1.31670413e-05	1.00000000e+00	1.66666567e-07	0.00000000e+00	0.00000000e+00	0.00000000e+00	0.00000000e+00	0.00000000e+00	3.50730360e-08	6.58352064e-06	9.99993861e-01	2.98639975e-06	0.00000000e+00	0.00000000e+00	0.00000000e+00	-5.59225826e-09	9.99993861e-01	5.59225826e-09	-6.24763603e+01	1.70795422e+01	0.00000000e+00
4.99999771e-07	1.18691050e-05	1.00000000e+00	1.66666567e-07	0.00000000e+00	0.00000000e+00	0.00000000e+00	0.00000000e+00	0.00000000e+00	3.50730360e-08	5.93455252e-06	9.99994516e-01	2.67196378e-06	0.00000000e+00	0.00000000e+00	0.00000000e+00	8.90478990e-09	9.99994516e-01	8.90478990e-09	-6.67211990e+01	1.82396946e+01	0.00000000e+00
4.99999771e-07	1.09700850e-05	1.00000000e+00	1.66666567e-07	0.00000000e+00	0.00000000e+00	0.00000000e+00	0.00000000e+00	0.00000000e+00	3.50730360e-08	5.48504249e-06	9.99994934e-01	2.45512092e-06	0.00000000e+00	0.00000000e+00	0.00000000e+00	1.24698296e-08	9.99994934e-01	1.24698296e-08	-7.02280579e+01	1.91981506e+01	0.00000000e+00
4.99999771e-07	1.07050391e-05	1.00000000e+00	1.66666567e-07	0.00000000e+00	0.00000000e+00	0.00000000e+00	0.00000000e+00	0.00000000e+00	3.50730360e-08	5.35251957e-06	9.99995053e-01	2.39084625e-06	0.00000000e+00	0.00000000e+00	0.00000000e+00	1.26961491e-08	9.99995053e-01	1.26961491e-08	-7.12627411e+01	1.94809399e+01	0.00000000e+00
4.99999771e-07	9.66088646e-06	1.00000000e+00	1.66666567e-07	0.00000000e+00	0.00000000e+00	0.00000000e+00	0.00000000e+00	0.00000000e+00	3.50730360e-08	4.83044323e-06	9.99995589e-01	2.13944190e-06	0.00000000e+00	0.00000000e+00	0.00000000e+00	5.77271958e-09	9.99995589e-01	5.77271958e-09	-7.61218109e+01	2.08089657e+01	0.00000000e+00
4.99999771e-07	8.72440796e-06	1.00000000e+00	1.66666567e-07	0.00000000e+00	0.00000000e+00	0.00000000e+00	0.00000000e+00	0.00000000e+00	3.50730360e-08	4.36220398e-06	9.99996066e-01	1.91459890e-06	0.00000000e+00	0.00000000e+00	0.00000000e+00	9.00790879e-09	9.99996066e-01	9.00790879e-09	-8.13214111e+01	2.22300625e+01	0.00000000e+00
4.99999771e-07	7.88448779e-06	1.00000000e+00	1.66666567e-07	0.00000000e+00	0.00000000e+00	0.00000000e+00	0.00000000e+00	0.00000000e+00	3.50730360e-08	3.94224389e-06	9.99996483e-01	1.71345744e-06	0.00000000e+00	0.00000000e+00	0.00000000e+00	1.01072921e-08	9.99996483e-01	1.01072921e-08	-8.68858109e+01	2.37508640e+01	0.00000000e+00
4.99999771e-07	7.13118152e-06	1.00000000e+00	1.66666567e-07	0.00000000e+00	0.00000000e+00	0.00000000e+00	0.00000000e+00	0.00000000e+00	3.50730360e-08	3.56559076e-06	9.99996841e-01	1.53346491e-06	0.00000000e+00	0.00000000e+00	0.00000000e+00	5.28255174e-09	9.99996841e-01	5.28255174e-09	-9.28410034e+01	2.53784714e+01	0.00000000e+00
4.99999771e-07	6.45559157e-06	1.00000000e+00	1.66666567e-07	0.00000000e+00	0.00000000e+00	0.00000000e+00	0.00000000e+00	0.00000000e+00	3.50730360e-08	3.22779579e-06	9.99997199e-01	1.37234269e-06	0.00000000e+00	0.00000000e+00	0.00000000e+00	5.83595225e-09	9.99997199e-01	5.83595225e-09	-9.92148438e+01	2.71205006e+01	0.00000000e+00
4.99999771e-07	5.84976078e-06	1.00000000e+00	1.66666567e-07	0.00000000e+00	0.00000000e+00	0.00000000e+00	0.00000000e+00	0.00000000e+00	3.50730360e-08	2.92488039e-06	9.99997497e-01	1.22805659e-06	0.00000000e+00	0.00000000e+00	0.00000000e+00	4.98418257e-09	9.99997497e-01	4.98418257e-09	-1.06037170e+02	2.89851036e+01	0.00000000e+00
4.99999771e-07	5.30657098e-06	1.00000000e+00	1.66666567e-07	0.00000000e+00	0.00000000e+00	0.00000000e+00	0.00000000e+00	0.00000000e+00	3.50730360e-08	2.65328549e-06	9.99997795e-01	1.09879147e-06	0.00000000e+00	0.00000000e+00	0.00000000e+00	2.24912236e-09	9.99997795e-01	2.24912236e-09	-1.13339996e+02	3.09810314e+01	0.00000000e+00
4.99999771e-07	4.81965617e-06	1.00000000e+00	1.66666567e-07	0.00000000e+00	0.00000000e+00	0.00000000e+00	0.00000000e+00	0.00000000e+00	3.50730360e-08	2.40982808e-06	9.99998033e-01	9.82926394e-07	0.00000000e+00	0.00000000e+00	0.00000000e+00	-1.04347073e-09	9.99998033e-01	1.04347073e-09	-1.21157585e+02	3.31176453e+01	0.00000000e+00
4.99999771e-07	4.38332245e-06	1.00000000e+00	1.66666567e-07	0.00000000e+00	0.00000000e+00	0.00000000e+00	0.00000000e+00	0.00000000e+00	3.50730360e-08	2.19166122e-06	9.99998271e-01	8.79014522e-07	0.00000000e+00	0.00000000e+00	0.00000000e+00	-5.14971700e-09	9.99998271e-01	5.14971700e-09	-1.29526642e+02	3.54049873e+01	0.00000000e+00
4.99999771e-07	3.99247938e-06	1.00000000e+00	1.66666567e-07	0.00000000e+00	0.00000000e+00	0.00000000e+00	0.00000000e+00	0.00000000e+00	3.50730360e-08	1.99623969e-06	9.99998450e-01	7.85764144e-07	0.00000000e+00	0.00000000e+00	0.00000000e+00	-1.76589008e-09	9.99998450e-01	1.76589008e-09	-1.38486588e+02	3.78538170e+01	0.00000000e+00
4.99999771e-07	3.64257426e-06	1.00000000e+00	1.66666567e-07	0.00000000e+00	0.00000000e+00	0.00000000e+00	0.00000000e+00	0.00000000e+00	3.50730360e-08	1.82128713e-06	9.99998629e-01	7.02021225e-07	0.00000000e+00	0.00000000e+00	0.00000000e+00	3.84335685e-09	9.99998629e-01	3.84335685e-09	-1.48079544e+02	4.04756584e+01	0.00000000e+00
4.99999771e-07	3.32953914e-06	1.00000000e+00	1.66666567e-07	0.00000000e+00	0.00000000e+00	0.00000000e+00	0.00000000e+00	0.00000000e+00	3.50730360e-08	1.66476957e-06	9.99998748e-01	6.26754741e-07	0.00000000e+00	0.00000000e+00	0.00000000e+00	4.32404985e-09	9.99998748e-01	4.32404985e-09	-1.58350723e+02	4.32828674e+01	0.00000000e+00
4.99999771e-07	3.04973673e-06	1.00000000e+00	1.66666567e-07	0.00000000e+00	0.00000000e+00	0.00000000e+00	0.00000000e+00	0.00000000e+00	3.50730360e-08	1.52486837e-06	9.99998927e-01	5.59042974e-07	0.00000000e+00	0.00000000e+00	0.00000000e+00	2.79330252e-09	9.99998927e-01	2.79330252e-09	-1.69348572e+02	4.62886772e+01	0.00000000e+00
4.99999771e-07	2.79992264e-06	1.00000000e+00	1.66666567e-07	0.00000000e+00	0.00000000e+00	0.00000000e+00	0.00000000e+00	0.00000000e+00	3.50730360e-08	1.39996132e-06	9.99999046e-01	4.98061752e-07	0.00000000e+00	0.00000000e+00	0.00000000e+00	-9.11614444e-10	9.99999046e-01	9.11614444e-10	-1.81124954e+02	4.95072708e+01	0.00000000e+00
4.99999771e-07	2.57718898e-06	1.00000000e+00	1.66666567e-07	0.00000000e+00	0.00000000e+00	0.00000000e+00	0.00000000e+00	0.00000000e+00	3.50730360e-08	1.28859449e-06	9.99999166e-01	4.43072565e-07	0.00000000e+00	0.00000000e+00	0.00000000e+00	-4.05412947e-09	9.99999166e-01	4.05412947e-09	-1.93735519e+02	5.29538498e+01	0.00000000e+00
4.99999771e-07	2.37896825e-06	1.00000000e+00	1.66666567e-07	0.00000000e+00	0.00000000e+00	0.00000000e+00	0.00000000e+00	0.00000000e+00	3.50730360e-08	1.18948412e-06	9.99999225e-01	3.93415064e-07	0.00000000e+00	0.00000000e+00	0.00000000e+00	-6.41804044e-10	9.99999225e-01	6.41804044e-10	-2.07239853e+02	5.66447029e+01	0.00000000e+00
4.99999771e-07	2.25609779e-06	1.00000000e+00	1.66666567e-07	0.00000000e+00	0.00000000e+00	0.00000000e+00	0.00000000e+00	0.00000000e+00	3.50730360e-08	1.12804889e-06	9.99999285e-01	3.62088372e-07	0.00000000e+00	0.00000000e+00	0.00000000e+00	1.60479187e-09	9.99999285e-01	1.60479187e-09	-2.17331284e+02	5.94027824e+01	0.00000000e+00
4.99999771e-07	2.20290485e-06	1.00000000e+00	1.66666567e-07	0.00000000e+00	0.00000000e+00	0.00000000e+00	0.00000000e+00	0.00000000e+00	3.50730360e-08	1.10145243e-06	9.99999344e-01	3.48491909e-07	0.00000000e+00	0.00000000e+00	0.00000000e+00	2.57404616e-09	9.99999344e-01	2.57404616e-09	-2.21701584e+02	6.05972252e+01	0.00000000e+00
4.99999771e-07	2.04704293e-06	1.00000000e+00	1.66666567e-07	0.00000000e+00	0.00000000e+00	0.00000000e+00	0.00000000e+00	0.00000000e+00	3.50730360e-08	1.02352146e-06	9.99999404e-01	3.07773860e-07	0.00000000e+00	0.00000000e+00	0.00000000e+00	2.49904296e-09	9.99999404e-01	2.49904296e-09	-2.37188782e+02	6.48300095e+01	0.00000000e+00
4.99999771e-07	1.90933793e-06	1.00000000e+00	1.66666567e-07	0.00000000e+00	0.00000000e+00	0.00000000e+00	0.00000000e+00	0.00000000e+00	3.50730360e-08	9.54668963e-07	9.99999464e-01	2.70768709e-07	0.00000000e+00	0.00000000e+00	0.00000000e+00	2.01221002e-09	9.99999464e-01	2.01221002e-09	-2.53775253e+02	6.93632431e+01	0.00000000e+00
4.99999771e-07	1.78869357e-06	1.00000000e+00	1.66666567e-07	0.00000000e+00	0.00000000e+00	0.00000000e+00	0.00000000e+00	0.00000000e+00	3.50730360e-08	8.94346783e-07	9.99999523e-01	2.37068406e-07	0.00000000e+00	0.00000000e+00	0.00000000e+00	1.61147375e-09	9.99999523e-01	1.61147375e-09	-2.71539581e+02	7.42183914e+01	0.00000000e+00
4.99999771e-07	1.68248368e-06	1.00000000e+00	1.66666567e-07	0.00000000e+00	0.00000000e+00	0.00000000e+00	0.00000000e+00	0.00000000e+00	3.50730360e-08	8.41241842e-07	9.99999583e-01	2.06211340e-07	0.00000000e+00	0.00000000e+00	0.00000000e+00	1.28017904e-09	9.99999583e-01	1.28017904e-09	-2.90565979e+02	7.94184799e+01	0.00000000e+00
4.99999771e-07	1.59215278e-06	1.00000000e+00	1.66666567e-07	0.00000000e+00	0.00000000e+00	0.00000000e+00	0.00000000e+00	0.00000000e+00	3.50730360e-08	7.96076392e-07	9.99999642e-01	1.77972510e-07	0.00000000e+00	0.00000000e+00	0.00000000e+00	1.35314942e-09	9.99999642e-01	1.35314942e-09	-3.10944641e+02	8.49881439e+01	0.00000000e+00
4.99999771e-07	1.51042798e-06	1.00000000e+00	1.66666567e-07	0.00000000e+00	0.00000000e+00	0.00000000e+00	0.00000000e+00	0.00000000e+00	3.50730360e-08	7.55213989e-07	9.99999642e-01	1.51701528e-07	0.00000000e+00	0.00000000e+00	0.00000000e+00	1.12768759e-09	9.99999642e-01	1.12768759e-09	-3.32772217e+02	9.09538269e+01	0.00000000e+00
4.99999771e-07	1.45037120e-06	1.00000000e+00	1.66666567e-07	0.00000000e+00	0.00000000e+00	0.00000000e+00	0.00000000e+00	0.00000000e+00	3.50730360e-08	7.25185600e-07	9.99999702e-01	1.27765730e-07	0.00000000e+00	0.00000000e+00	0.00000000e+00	9.14515975e-10	9.99999702e-01	9.14515975e-10	-3.56152344e+02	9.73438187e+01	0.00000000e+00
4.99999771e-07	1.37922984e-06	1.00000000e+00	1.66666567e-07	0.00000000e+00	0.00000000e+00	0.00000000e+00	0.00000000e+00	0.00000000e+00	3.50730360e-08	6.89614922e-07	9.99999702e-01	1.04353887e-07	0.00000000e+00	0.00000000e+00	0.00000000e+00	7.49067960e-10	9.99999702e-01	7.49067960e-10	-3.81195923e+02	1.04188461e+02	0.00000000e+00
4.99999771e-07	1.36930032e-06	1.00000000e+00	1.66666567e-07	0.00000000e+00	0.00000000e+00	0.00000000e+00	0.00000000e+00	0.00000000e+00	3.50730360e-08	6.84650161e-07	9.99999762e-01	8.45332551e-08	0.00000000e+00	0.00000000e+00	0.00000000e+00	6.32810358e-10	9.99999762e-01	6.32810358e-10	-4.08022034e+02	1.11520271e+02	0.00000000e+00
4.99999771e-07	1.25726399e-06	1.00000000e+00	1.66666567e-07	0.00000000e+00	0.00000000e+00	0.00000000e+00	0.00000000e+00	0.00000000e+00	3.50730360e-08	6.28631994e-07	9.99999762e-01	6.09463058e-08	0.00000000e+00	0.00000000e+00	0.00000000e+00	6.63337335e-10	9.99999762e-01	6.63337335e-10	-4.36758026e+02	1.19374084e+02	0.00000000e+00
4.99999771e-07	1.46059915e-06	1.00000000e+00	1.66666567e-07	0.00000000e+00	0.00000000e+00	0.00000000e+00	0.00000000e+00	0.00000000e+00	3.50730360e-08	7.30299575e-07	9.99999762e-01	5.12109537e-08	0.00000000e+00	0.00000000e+00	0.00000000e+00	4.06621767e-10	9.99999762e-01	4.06621767e-10	-4.67540527e+02	1.27787216e+02	0.00000000e+00
